participant,trial,condition,rt_ms,correct
sub-001,1,congruent,522.4,1
sub-001,2,incongruent,651.8,1
sub-001,3,congruent,571.2,1
sub-001,4,incongruent,536.9,0
sub-001,5,incongruent,520.6,1
sub-001,6,incongruent,559.6,1
sub-001,7,incongruent,561.4,1
sub-001,8,incongruent,505.4,1
sub-001,9,congruent,420.1,1
sub-001,10,congruent,513.3,1
sub-001,11,incongruent,659.8,1
sub-001,12,congruent,445.7,1
sub-001,13,incongruent,511.0,0
sub-001,14,congruent,442.0,1
sub-001,15,congruent,395.8,1
sub-001,16,incongruent,535.3,0
sub-001,17,congruent,487.9,1
sub-001,18,incongruent,547.8,0
sub-001,19,incongruent,633.3,1
sub-001,20,congruent,470.2,1
sub-001,21,incongruent,584.4,1
sub-001,22,congruent,450.8,1
sub-001,23,congruent,546.0,1
sub-001,24,congruent,381.0,1
sub-001,25,congruent,440.7,1
sub-001,26,congruent,384.1,1
sub-001,27,incongruent,606.8,1
sub-001,28,incongruent,608.4,1
sub-001,29,incongruent,519.6,1
sub-001,30,incongruent,660.9,1
sub-001,31,congruent,441.1,1
sub-001,32,congruent,370.5,1
sub-001,33,congruent,442.2,0
sub-001,34,incongruent,576.5,1
sub-001,35,congruent,445.2,1
sub-001,36,incongruent,700.3,1
sub-001,37,incongruent,608.7,1
sub-001,38,congruent,573.0,1
sub-001,39,congruent,550.5,1
sub-001,40,congruent,350.9,1
sub-001,41,incongruent,528.5,1
sub-001,42,congruent,283.1,1
sub-001,43,congruent,418.4,1
sub-001,44,incongruent,625.6,0
sub-001,45,incongruent,498.3,1
sub-001,46,congruent,419.1,1
sub-001,47,congruent,481.6,1
sub-001,48,incongruent,604.3,0
sub-001,49,congruent,437.3,1
sub-001,50,congruent,443.8,1
sub-001,51,congruent,513.0,1
sub-001,52,congruent,476.9,1
sub-001,53,incongruent,534.5,1
sub-001,54,congruent,480.9,1
sub-001,55,congruent,465.4,1
sub-001,56,congruent,477.0,1
sub-001,57,congruent,590.5,1
sub-001,58,congruent,440.6,1
sub-001,59,incongruent,518.0,1
sub-001,60,incongruent,645.0,0
sub-001,61,incongruent,507.2,1
sub-001,62,incongruent,664.9,1
sub-001,63,incongruent,540.5,1
sub-001,64,congruent,465.2,1
sub-001,65,incongruent,600.8,1
sub-001,66,congruent,539.3,0
sub-001,67,incongruent,617.9,1
sub-001,68,incongruent,539.8,1
sub-001,69,incongruent,529.3,1
sub-001,70,incongruent,575.7,1
sub-001,71,incongruent,561.8,1
sub-001,72,congruent,418.7,1
sub-001,73,congruent,487.1,1
sub-001,74,incongruent,617.7,1
sub-001,75,incongruent,563.9,1
sub-001,76,incongruent,654.7,1
sub-001,77,congruent,487.1,1
sub-001,78,congruent,450.3,1
sub-001,79,incongruent,559.6,1
sub-001,80,congruent,424.0,1
sub-001,81,incongruent,486.0,1
sub-001,82,incongruent,584.1,1
sub-001,83,incongruent,497.6,0
sub-001,84,congruent,437.1,1
sub-001,85,incongruent,547.3,0
sub-001,86,congruent,485.5,1
sub-001,87,incongruent,583.1,1
sub-001,88,congruent,464.0,1
sub-001,89,incongruent,427.5,1
sub-001,90,incongruent,539.7,1
sub-001,91,congruent,410.0,1
sub-001,92,congruent,453.2,1
sub-001,93,congruent,524.9,1
sub-001,94,congruent,512.7,1
sub-001,95,incongruent,567.4,0
sub-001,96,congruent,493.3,1
sub-001,97,congruent,363.7,1
sub-001,98,incongruent,565.7,1
sub-001,99,incongruent,593.7,1
sub-001,100,incongruent,507.2,0
sub-002,1,incongruent,677.6,1
sub-002,2,congruent,467.8,1
sub-002,3,incongruent,595.9,1
sub-002,4,congruent,562.1,1
sub-002,5,incongruent,557.9,1
sub-002,6,incongruent,626.5,1
sub-002,7,incongruent,626.0,1
sub-002,8,congruent,582.1,0
sub-002,9,incongruent,694.9,1
sub-002,10,congruent,626.8,1
sub-002,11,incongruent,625.8,1
sub-002,12,congruent,531.2,1
sub-002,13,incongruent,569.1,1
sub-002,14,congruent,454.8,1
sub-002,15,incongruent,520.1,1
sub-002,16,incongruent,591.3,1
sub-002,17,congruent,514.8,1
sub-002,18,congruent,506.0,1
sub-002,19,congruent,541.9,1
sub-002,20,congruent,416.5,1
sub-002,21,congruent,617.3,1
sub-002,22,incongruent,626.0,1
sub-002,23,congruent,575.7,1
sub-002,24,congruent,527.1,1
sub-002,25,incongruent,549.1,1
sub-002,26,congruent,483.5,1
sub-002,27,congruent,290.3,1
sub-002,28,congruent,518.6,1
sub-002,29,congruent,500.2,1
sub-002,30,incongruent,684.9,1
sub-002,31,congruent,390.5,1
sub-002,32,incongruent,600.9,1
sub-002,33,incongruent,586.2,1
sub-002,34,congruent,422.5,1
sub-002,35,incongruent,510.6,1
sub-002,36,incongruent,529.6,1
sub-002,37,incongruent,670.0,0
sub-002,38,congruent,568.7,1
sub-002,39,congruent,411.1,1
sub-002,40,incongruent,595.2,0
sub-002,41,congruent,535.4,1
sub-002,42,congruent,525.8,0
sub-002,43,incongruent,507.3,1
sub-002,44,incongruent,566.9,0
sub-002,45,congruent,411.3,1
sub-002,46,congruent,570.7,1
sub-002,47,congruent,673.4,1
sub-002,48,incongruent,602.8,1
sub-002,49,congruent,365.2,0
sub-002,50,incongruent,659.2,1
sub-002,51,congruent,605.9,1
sub-002,52,congruent,600.8,1
sub-002,53,congruent,515.4,1
sub-002,54,incongruent,640.5,0
sub-002,55,incongruent,612.2,1
sub-002,56,congruent,551.5,0
sub-002,57,congruent,565.8,1
sub-002,58,incongruent,557.0,1
sub-002,59,incongruent,567.9,1
sub-002,60,congruent,482.4,0
sub-002,61,incongruent,591.1,1
sub-002,62,congruent,517.1,1
sub-002,63,incongruent,678.7,1
sub-002,64,congruent,419.7,1
sub-002,65,congruent,564.4,1
sub-002,66,incongruent,593.2,0
sub-002,67,incongruent,419.7,0
sub-002,68,incongruent,580.1,0
sub-002,69,congruent,486.9,1
sub-002,70,incongruent,641.7,1
sub-002,71,incongruent,644.3,1
sub-002,72,congruent,504.2,1
sub-002,73,incongruent,553.1,1
sub-002,74,congruent,566.6,1
sub-002,75,incongruent,562.0,0
sub-002,76,incongruent,528.8,1
sub-002,77,incongruent,564.3,1
sub-002,78,incongruent,571.0,0
sub-002,79,congruent,497.2,1
sub-002,80,congruent,475.5,1
sub-002,81,congruent,481.0,1
sub-002,82,congruent,552.9,1
sub-002,83,incongruent,657.8,1
sub-002,84,congruent,539.3,1
sub-002,85,congruent,484.5,1
sub-002,86,congruent,461.3,1
sub-002,87,incongruent,591.0,1
sub-002,88,incongruent,596.5,1
sub-002,89,incongruent,660.7,1
sub-002,90,congruent,486.4,1
sub-002,91,incongruent,527.7,1
sub-002,92,incongruent,551.6,1
sub-002,93,congruent,619.3,1
sub-002,94,incongruent,545.4,1
sub-002,95,congruent,422.5,1
sub-002,96,incongruent,587.1,0
sub-002,97,incongruent,720.5,0
sub-002,98,incongruent,612.3,1
sub-002,99,congruent,523.7,1
sub-002,100,incongruent,503.5,1
sub-003,1,incongruent,679.6,1
sub-003,2,congruent,363.5,1
sub-003,3,congruent,439.5,1
sub-003,4,congruent,443.9,1
sub-003,5,congruent,563.9,1
sub-003,6,incongruent,656.7,1
sub-003,7,congruent,494.6,1
sub-003,8,congruent,619.2,1
sub-003,9,congruent,496.7,1
sub-003,10,incongruent,651.1,1
sub-003,11,incongruent,667.8,1
sub-003,12,congruent,510.8,1
sub-003,13,congruent,588.9,1
sub-003,14,incongruent,591.8,1
sub-003,15,congruent,519.9,1
sub-003,16,incongruent,622.9,1
sub-003,17,congruent,570.3,1
sub-003,18,incongruent,709.1,1
sub-003,19,incongruent,566.4,1
sub-003,20,congruent,431.3,1
sub-003,21,incongruent,658.8,1
sub-003,22,congruent,384.8,1
sub-003,23,incongruent,619.0,1
sub-003,24,congruent,558.8,1
sub-003,25,congruent,407.1,1
sub-003,26,congruent,466.5,1
sub-003,27,incongruent,595.7,1
sub-003,28,incongruent,608.1,1
sub-003,29,congruent,520.9,1
sub-003,30,congruent,547.1,1
sub-003,31,incongruent,660.8,1
sub-003,32,incongruent,513.0,1
sub-003,33,incongruent,696.9,1
sub-003,34,congruent,502.5,1
sub-003,35,incongruent,588.7,1
sub-003,36,incongruent,688.1,1
sub-003,37,congruent,486.2,1
sub-003,38,incongruent,558.8,1
sub-003,39,incongruent,493.1,1
sub-003,40,congruent,603.2,1
sub-003,41,incongruent,499.9,1
sub-003,42,incongruent,530.3,1
sub-003,43,congruent,383.0,1
sub-003,44,incongruent,590.0,1
sub-003,45,incongruent,494.5,0
sub-003,46,congruent,597.6,1
sub-003,47,congruent,476.7,1
sub-003,48,incongruent,540.1,0
sub-003,49,incongruent,640.5,1
sub-003,50,incongruent,545.9,1
sub-003,51,congruent,513.2,1
sub-003,52,congruent,580.5,1
sub-003,53,congruent,469.1,1
sub-003,54,congruent,497.3,1
sub-003,55,incongruent,567.9,1
sub-003,56,congruent,501.1,1
sub-003,57,incongruent,814.8,1
sub-003,58,incongruent,477.4,1
sub-003,59,congruent,580.8,1
sub-003,60,congruent,525.2,1
sub-003,61,incongruent,570.7,1
sub-003,62,congruent,587.5,1
sub-003,63,incongruent,697.3,1
sub-003,64,congruent,463.0,1
sub-003,65,incongruent,610.3,1
sub-003,66,incongruent,576.4,1
sub-003,67,congruent,550.8,1
sub-003,68,congruent,533.1,1
sub-003,69,incongruent,614.9,1
sub-003,70,congruent,549.5,1
sub-003,71,congruent,554.7,1
sub-003,72,congruent,618.1,1
sub-003,73,incongruent,560.1,1
sub-003,74,congruent,517.3,1
sub-003,75,congruent,680.7,0
sub-003,76,incongruent,574.7,1
sub-003,77,congruent,601.6,1
sub-003,78,congruent,457.9,1
sub-003,79,incongruent,663.4,1
sub-003,80,incongruent,604.8,1
sub-003,81,incongruent,642.8,1
sub-003,82,incongruent,597.2,1
sub-003,83,congruent,605.9,1
sub-003,84,incongruent,613.7,1
sub-003,85,congruent,510.7,1
sub-003,86,incongruent,647.2,1
sub-003,87,congruent,475.5,1
sub-003,88,congruent,369.5,1
sub-003,89,incongruent,518.5,0
sub-003,90,incongruent,569.5,1
sub-003,91,congruent,633.3,1
sub-003,92,incongruent,764.4,1
sub-003,93,congruent,434.1,1
sub-003,94,congruent,532.1,1
sub-003,95,incongruent,572.0,1
sub-003,96,incongruent,632.6,1
sub-003,97,congruent,438.1,1
sub-003,98,incongruent,639.6,0
sub-003,99,incongruent,564.3,1
sub-003,100,incongruent,538.7,1
sub-004,1,congruent,572.3,1
sub-004,2,incongruent,643.3,1
sub-004,3,congruent,591.8,1
sub-004,4,incongruent,727.5,1
sub-004,5,incongruent,816.0,1
sub-004,6,incongruent,755.2,1
sub-004,7,incongruent,676.4,0
sub-004,8,congruent,504.3,1
sub-004,9,incongruent,577.7,0
sub-004,10,congruent,609.2,1
sub-004,11,incongruent,736.1,1
sub-004,12,congruent,641.7,1
sub-004,13,incongruent,677.2,1
sub-004,14,congruent,546.4,1
sub-004,15,congruent,540.1,1
sub-004,16,incongruent,710.6,1
sub-004,17,congruent,411.1,1
sub-004,18,congruent,431.7,1
sub-004,19,congruent,383.6,1
sub-004,20,congruent,515.9,1
sub-004,21,incongruent,648.2,0
sub-004,22,congruent,622.4,0
sub-004,23,congruent,547.4,0
sub-004,24,congruent,579.0,1
sub-004,25,congruent,536.7,1
sub-004,26,incongruent,624.2,1
sub-004,27,incongruent,584.8,1
sub-004,28,incongruent,672.5,1
sub-004,29,incongruent,653.9,1
sub-004,30,congruent,475.6,1
sub-004,31,incongruent,619.6,0
sub-004,32,incongruent,586.4,1
sub-004,33,incongruent,600.6,1
sub-004,34,incongruent,736.8,1
sub-004,35,congruent,568.6,1
sub-004,36,congruent,578.5,1
sub-004,37,congruent,482.6,1
sub-004,38,incongruent,618.6,1
sub-004,39,incongruent,735.3,1
sub-004,40,incongruent,611.5,1
sub-004,41,congruent,503.7,1
sub-004,42,incongruent,699.3,1
sub-004,43,congruent,620.7,1
sub-004,44,congruent,624.5,1
sub-004,45,congruent,558.6,1
sub-004,46,congruent,504.0,1
sub-004,47,incongruent,679.4,1
sub-004,48,incongruent,689.2,1
sub-004,49,congruent,530.1,1
sub-004,50,congruent,529.2,1
sub-004,51,congruent,593.9,1
sub-004,52,congruent,672.1,1
sub-004,53,congruent,435.4,1
sub-004,54,congruent,547.0,1
sub-004,55,incongruent,553.3,1
sub-004,56,incongruent,660.7,1
sub-004,57,congruent,524.2,1
sub-004,58,incongruent,788.5,0
sub-004,59,incongruent,691.2,0
sub-004,60,incongruent,586.9,0
sub-004,61,incongruent,757.4,1
sub-004,62,incongruent,555.7,1
sub-004,63,incongruent,701.2,1
sub-004,64,incongruent,774.1,1
sub-004,65,incongruent,682.3,1
sub-004,66,congruent,591.7,1
sub-004,67,congruent,580.1,1
sub-004,68,incongruent,648.5,1
sub-004,69,congruent,564.4,1
sub-004,70,congruent,448.4,1
sub-004,71,incongruent,694.9,1
sub-004,72,incongruent,613.0,1
sub-004,73,incongruent,713.1,1
sub-004,74,congruent,525.4,1
sub-004,75,incongruent,651.2,1
sub-004,76,incongruent,644.1,1
sub-004,77,incongruent,605.2,1
sub-004,78,congruent,580.8,0
sub-004,79,incongruent,641.2,1
sub-004,80,congruent,478.4,1
sub-004,81,incongruent,628.0,0
sub-004,82,incongruent,646.0,1
sub-004,83,congruent,571.9,1
sub-004,84,incongruent,670.7,1
sub-004,85,congruent,515.4,1
sub-004,86,congruent,563.8,1
sub-004,87,congruent,691.1,1
sub-004,88,incongruent,639.4,1
sub-004,89,congruent,361.8,1
sub-004,90,congruent,470.7,1
sub-004,91,incongruent,614.0,1
sub-004,92,incongruent,733.5,0
sub-004,93,incongruent,736.1,1
sub-004,94,congruent,512.9,1
sub-004,95,congruent,559.1,1
sub-004,96,congruent,537.7,1
sub-004,97,congruent,463.1,1
sub-004,98,congruent,550.0,1
sub-004,99,congruent,568.2,1
sub-004,100,incongruent,586.7,1
sub-005,1,incongruent,620.5,1
sub-005,2,incongruent,806.1,1
sub-005,3,incongruent,520.9,1
sub-005,4,incongruent,484.3,1
sub-005,5,incongruent,686.6,1
sub-005,6,congruent,476.3,1
sub-005,7,congruent,574.9,1
sub-005,8,incongruent,617.3,1
sub-005,9,incongruent,652.5,1
sub-005,10,congruent,588.4,1
sub-005,11,congruent,576.1,1
sub-005,12,congruent,553.2,1
sub-005,13,incongruent,641.2,1
sub-005,14,incongruent,658.3,1
sub-005,15,incongruent,627.6,0
sub-005,16,incongruent,748.8,1
sub-005,17,incongruent,602.9,1
sub-005,18,incongruent,690.0,1
sub-005,19,incongruent,693.7,1
sub-005,20,congruent,454.2,1
sub-005,21,incongruent,692.8,1
sub-005,22,congruent,643.4,1
sub-005,23,incongruent,657.8,1
sub-005,24,congruent,613.5,1
sub-005,25,congruent,565.3,1
sub-005,26,incongruent,682.6,1
sub-005,27,incongruent,727.7,1
sub-005,28,congruent,558.8,1
sub-005,29,incongruent,708.9,1
sub-005,30,congruent,468.8,1
sub-005,31,congruent,576.2,1
sub-005,32,congruent,454.4,1
sub-005,33,incongruent,645.1,1
sub-005,34,incongruent,627.7,1
sub-005,35,incongruent,699.0,1
sub-005,36,congruent,542.2,1
sub-005,37,congruent,690.5,1
sub-005,38,incongruent,646.5,1
sub-005,39,congruent,500.7,1
sub-005,40,incongruent,536.6,1
sub-005,41,congruent,568.0,1
sub-005,42,congruent,547.9,1
sub-005,43,congruent,619.7,1
sub-005,44,congruent,626.4,1
sub-005,45,incongruent,722.1,1
sub-005,46,congruent,509.8,1
sub-005,47,incongruent,591.3,0
sub-005,48,incongruent,644.6,1
sub-005,49,congruent,510.5,1
sub-005,50,incongruent,680.8,1
sub-005,51,congruent,550.1,1
sub-005,52,incongruent,718.5,1
sub-005,53,congruent,535.4,1
sub-005,54,congruent,449.2,1
sub-005,55,incongruent,716.6,1
sub-005,56,incongruent,839.3,1
sub-005,57,congruent,611.1,1
sub-005,58,congruent,468.4,0
sub-005,59,congruent,472.9,0
sub-005,60,incongruent,776.3,1
sub-005,61,congruent,560.7,1
sub-005,62,congruent,568.9,1
sub-005,63,congruent,532.3,1
sub-005,64,congruent,634.1,1
sub-005,65,incongruent,685.8,1
sub-005,66,incongruent,593.8,1
sub-005,67,congruent,537.0,1
sub-005,68,congruent,550.8,1
sub-005,69,incongruent,641.2,1
sub-005,70,congruent,617.9,1
sub-005,71,congruent,512.9,1
sub-005,72,incongruent,644.2,0
sub-005,73,congruent,676.4,1
sub-005,74,incongruent,785.2,0
sub-005,75,incongruent,795.7,1
sub-005,76,congruent,596.8,1
sub-005,77,congruent,624.2,1
sub-005,78,congruent,517.8,1
sub-005,79,incongruent,626.6,1
sub-005,80,congruent,472.9,1
sub-005,81,congruent,602.0,1
sub-005,82,incongruent,718.8,1
sub-005,83,congruent,608.5,0
sub-005,84,incongruent,650.9,1
sub-005,85,congruent,545.1,1
sub-005,86,incongruent,734.1,0
sub-005,87,incongruent,606.7,1
sub-005,88,incongruent,685.6,1
sub-005,89,incongruent,752.2,1
sub-005,90,incongruent,707.0,1
sub-005,91,congruent,596.4,1
sub-005,92,congruent,603.3,1
sub-005,93,congruent,600.8,1
sub-005,94,congruent,561.2,1
sub-005,95,incongruent,563.3,1
sub-005,96,incongruent,551.0,1
sub-005,97,congruent,587.5,1
sub-005,98,incongruent,657.0,0
sub-005,99,incongruent,790.4,1
sub-005,100,congruent,579.3,1
sub-006,1,congruent,658.5,1
sub-006,2,incongruent,792.8,1
sub-006,3,incongruent,746.0,1
sub-006,4,congruent,543.9,1
sub-006,5,congruent,387.7,1
sub-006,6,congruent,556.0,1
sub-006,7,incongruent,654.1,1
sub-006,8,congruent,650.5,1
sub-006,9,incongruent,676.3,1
sub-006,10,incongruent,670.1,1
sub-006,11,congruent,512.3,0
sub-006,12,congruent,571.4,1
sub-006,13,congruent,511.1,1
sub-006,14,congruent,577.0,1
sub-006,15,congruent,623.8,1
sub-006,16,incongruent,696.9,1
sub-006,17,congruent,584.7,1
sub-006,18,incongruent,732.4,1
sub-006,19,incongruent,733.5,1
sub-006,20,incongruent,587.8,0
sub-006,21,congruent,484.6,1
sub-006,22,congruent,560.2,1
sub-006,23,congruent,564.2,0
sub-006,24,incongruent,695.6,1
sub-006,25,incongruent,527.4,1
sub-006,26,incongruent,622.0,1
sub-006,27,incongruent,556.1,1
sub-006,28,congruent,642.5,0
sub-006,29,congruent,429.7,1
sub-006,30,incongruent,692.4,1
sub-006,31,incongruent,737.6,1
sub-006,32,congruent,473.1,1
sub-006,33,incongruent,599.8,0
sub-006,34,congruent,520.5,1
sub-006,35,incongruent,539.6,1
sub-006,36,congruent,522.4,1
sub-006,37,congruent,486.4,1
sub-006,38,congruent,554.6,0
sub-006,39,congruent,397.5,1
sub-006,40,congruent,571.1,1
sub-006,41,congruent,593.3,1
sub-006,42,incongruent,625.4,1
sub-006,43,congruent,553.5,1
sub-006,44,incongruent,678.4,1
sub-006,45,congruent,632.4,1
sub-006,46,incongruent,731.4,1
sub-006,47,incongruent,677.0,1
sub-006,48,incongruent,570.1,1
sub-006,49,incongruent,594.4,0
sub-006,50,congruent,498.6,1
sub-006,51,congruent,474.5,1
sub-006,52,incongruent,638.6,1
sub-006,53,incongruent,755.8,1
sub-006,54,congruent,541.2,1
sub-006,55,congruent,595.2,1
sub-006,56,incongruent,683.1,1
sub-006,57,congruent,520.8,1
sub-006,58,incongruent,637.3,0
sub-006,59,incongruent,604.3,1
sub-006,60,incongruent,691.5,1
sub-006,61,congruent,620.5,1
sub-006,62,incongruent,677.6,1
sub-006,63,congruent,577.6,1
sub-006,64,congruent,464.8,1
sub-006,65,congruent,507.8,1
sub-006,66,congruent,527.6,1
sub-006,67,incongruent,696.5,1
sub-006,68,congruent,526.3,1
sub-006,69,congruent,527.6,1
sub-006,70,incongruent,667.2,0
sub-006,71,congruent,561.7,1
sub-006,72,incongruent,708.2,1
sub-006,73,incongruent,656.2,1
sub-006,74,incongruent,627.8,1
sub-006,75,incongruent,632.1,1
sub-006,76,incongruent,792.3,1
sub-006,77,incongruent,703.2,1
sub-006,78,congruent,588.7,1
sub-006,79,incongruent,735.2,0
sub-006,80,congruent,535.0,1
sub-006,81,congruent,551.2,1
sub-006,82,incongruent,708.8,0
sub-006,83,incongruent,583.8,0
sub-006,84,congruent,556.8,1
sub-006,85,congruent,484.9,1
sub-006,86,incongruent,633.9,1
sub-006,87,incongruent,700.4,1
sub-006,88,congruent,709.9,1
sub-006,89,incongruent,571.9,1
sub-006,90,incongruent,549.3,1
sub-006,91,congruent,535.5,1
sub-006,92,incongruent,551.8,1
sub-006,93,incongruent,672.3,1
sub-006,94,congruent,393.2,1
sub-006,95,congruent,558.0,1
sub-006,96,incongruent,677.8,1
sub-006,97,incongruent,621.3,1
sub-006,98,congruent,607.8,1
sub-006,99,congruent,541.1,1
sub-006,100,incongruent,722.5,1
sub-007,1,congruent,592.7,1
sub-007,2,congruent,467.7,1
sub-007,3,incongruent,677.1,1
sub-007,4,incongruent,616.8,1
sub-007,5,congruent,549.3,1
sub-007,6,congruent,512.0,1
sub-007,7,congruent,478.2,1
sub-007,8,congruent,485.3,1
sub-007,9,congruent,572.7,1
sub-007,10,incongruent,638.2,1
sub-007,11,incongruent,607.5,1
sub-007,12,congruent,560.0,1
sub-007,13,congruent,577.7,1
sub-007,14,incongruent,678.3,1
sub-007,15,incongruent,602.1,1
sub-007,16,incongruent,761.0,1
sub-007,17,incongruent,683.5,1
sub-007,18,congruent,644.7,1
sub-007,19,congruent,545.4,1
sub-007,20,congruent,613.0,1
sub-007,21,congruent,444.5,1
sub-007,22,congruent,528.7,1
sub-007,23,incongruent,657.7,1
sub-007,24,congruent,667.0,1
sub-007,25,congruent,515.3,1
sub-007,26,congruent,472.0,1
sub-007,27,incongruent,652.2,1
sub-007,28,congruent,503.5,1
sub-007,29,incongruent,685.1,1
sub-007,30,incongruent,622.3,1
sub-007,31,congruent,490.3,1
sub-007,32,incongruent,735.6,1
sub-007,33,congruent,405.5,1
sub-007,34,incongruent,733.5,1
sub-007,35,incongruent,749.6,1
sub-007,36,congruent,614.8,1
sub-007,37,incongruent,579.3,1
sub-007,38,incongruent,590.9,1
sub-007,39,incongruent,678.5,1
sub-007,40,congruent,556.0,1
sub-007,41,congruent,450.4,1
sub-007,42,congruent,624.3,1
sub-007,43,incongruent,796.8,1
sub-007,44,incongruent,646.1,1
sub-007,45,incongruent,664.5,1
sub-007,46,congruent,669.4,1
sub-007,47,incongruent,708.5,1
sub-007,48,incongruent,707.5,1
sub-007,49,congruent,564.9,1
sub-007,50,congruent,422.3,1
sub-007,51,incongruent,621.1,1
sub-007,52,incongruent,773.2,1
sub-007,53,incongruent,612.7,0
sub-007,54,congruent,624.2,1
sub-007,55,congruent,594.2,1
sub-007,56,congruent,495.4,1
sub-007,57,incongruent,737.5,1
sub-007,58,incongruent,722.0,0
sub-007,59,congruent,677.8,1
sub-007,60,incongruent,698.7,1
sub-007,61,congruent,563.9,1
sub-007,62,incongruent,615.9,1
sub-007,63,incongruent,814.0,1
sub-007,64,incongruent,544.9,1
sub-007,65,incongruent,696.6,1
sub-007,66,incongruent,712.6,0
sub-007,67,congruent,582.1,1
sub-007,68,congruent,583.3,1
sub-007,69,incongruent,683.7,1
sub-007,70,incongruent,794.4,1
sub-007,71,congruent,628.9,1
sub-007,72,congruent,618.5,1
sub-007,73,incongruent,847.6,1
sub-007,74,congruent,509.0,1
sub-007,75,incongruent,675.0,1
sub-007,76,incongruent,700.8,1
sub-007,77,incongruent,600.7,1
sub-007,78,congruent,632.7,1
sub-007,79,incongruent,661.4,1
sub-007,80,incongruent,695.6,1
sub-007,81,congruent,580.2,1
sub-007,82,congruent,553.1,0
sub-007,83,incongruent,624.9,1
sub-007,84,congruent,574.9,1
sub-007,85,congruent,480.3,1
sub-007,86,congruent,556.0,1
sub-007,87,congruent,527.0,1
sub-007,88,congruent,592.1,1
sub-007,89,incongruent,723.3,1
sub-007,90,incongruent,669.7,1
sub-007,91,congruent,594.8,1
sub-007,92,incongruent,733.7,1
sub-007,93,congruent,596.5,1
sub-007,94,incongruent,594.6,1
sub-007,95,congruent,387.2,1
sub-007,96,congruent,549.3,1
sub-007,97,incongruent,541.7,1
sub-007,98,incongruent,708.5,0
sub-007,99,congruent,455.0,1
sub-007,100,incongruent,716.0,1
sub-008,1,incongruent,614.7,1
sub-008,2,incongruent,612.1,1
sub-008,3,incongruent,659.1,1
sub-008,4,congruent,505.1,1
sub-008,5,incongruent,606.9,1
sub-008,6,congruent,533.1,1
sub-008,7,congruent,561.2,1
sub-008,8,congruent,594.4,1
sub-008,9,incongruent,609.7,1
sub-008,10,congruent,510.8,1
sub-008,11,congruent,442.6,1
sub-008,12,congruent,609.4,1
sub-008,13,incongruent,748.0,1
sub-008,14,congruent,503.9,1
sub-008,15,incongruent,766.6,0
sub-008,16,incongruent,630.7,1
sub-008,17,congruent,483.9,1
sub-008,18,incongruent,629.4,1
sub-008,19,congruent,526.4,1
sub-008,20,incongruent,686.5,1
sub-008,21,congruent,506.1,1
sub-008,22,incongruent,702.7,1
sub-008,23,incongruent,700.0,1
sub-008,24,congruent,630.9,1
sub-008,25,congruent,483.9,1
sub-008,26,congruent,588.5,1
sub-008,27,incongruent,667.9,1
sub-008,28,incongruent,723.0,1
sub-008,29,incongruent,709.8,1
sub-008,30,incongruent,539.4,0
sub-008,31,congruent,561.1,1
sub-008,32,congruent,445.1,1
sub-008,33,congruent,574.9,1
sub-008,34,congruent,557.8,1
sub-008,35,incongruent,663.6,1
sub-008,36,congruent,579.4,1
sub-008,37,congruent,567.2,1
sub-008,38,incongruent,754.4,1
sub-008,39,congruent,451.5,1
sub-008,40,congruent,586.4,1
sub-008,41,congruent,493.6,0
sub-008,42,congruent,535.4,1
sub-008,43,incongruent,655.6,1
sub-008,44,congruent,527.5,0
sub-008,45,congruent,562.1,1
sub-008,46,congruent,521.7,1
sub-008,47,incongruent,585.2,1
sub-008,48,congruent,668.5,1
sub-008,49,incongruent,682.7,1
sub-008,50,congruent,519.3,1
sub-008,51,congruent,599.2,1
sub-008,52,incongruent,653.9,1
sub-008,53,incongruent,638.2,1
sub-008,54,congruent,649.0,1
sub-008,55,congruent,515.3,1
sub-008,56,congruent,643.7,1
sub-008,57,incongruent,819.9,1
sub-008,58,congruent,451.9,1
sub-008,59,incongruent,573.9,1
sub-008,60,incongruent,669.7,1
sub-008,61,incongruent,746.1,1
sub-008,62,congruent,487.6,1
sub-008,63,incongruent,637.9,0
sub-008,64,incongruent,581.2,1
sub-008,65,incongruent,756.6,0
sub-008,66,congruent,480.0,1
sub-008,67,incongruent,610.9,1
sub-008,68,incongruent,732.8,1
sub-008,69,incongruent,719.3,1
sub-008,70,congruent,540.8,1
sub-008,71,congruent,464.8,1
sub-008,72,incongruent,650.9,1
sub-008,73,incongruent,630.6,1
sub-008,74,incongruent,654.8,1
sub-008,75,incongruent,746.2,1
sub-008,76,incongruent,702.8,1
sub-008,77,congruent,450.2,1
sub-008,78,incongruent,576.8,1
sub-008,79,congruent,553.4,1
sub-008,80,incongruent,707.2,1
sub-008,81,incongruent,626.7,1
sub-008,82,incongruent,606.2,1
sub-008,83,incongruent,562.9,1
sub-008,84,congruent,580.9,1
sub-008,85,incongruent,705.4,1
sub-008,86,congruent,561.5,1
sub-008,87,incongruent,708.4,1
sub-008,88,incongruent,639.2,1
sub-008,89,incongruent,677.3,1
sub-008,90,congruent,495.7,1
sub-008,91,incongruent,638.7,1
sub-008,92,congruent,389.5,1
sub-008,93,congruent,523.9,1
sub-008,94,congruent,561.0,1
sub-008,95,incongruent,719.9,1
sub-008,96,congruent,461.4,1
sub-008,97,congruent,635.1,1
sub-008,98,congruent,615.1,1
sub-008,99,incongruent,619.8,1
sub-008,100,congruent,487.2,1
sub-009,1,congruent,488.7,1
sub-009,2,incongruent,610.8,1
sub-009,3,incongruent,588.8,1
sub-009,4,incongruent,627.7,1
sub-009,5,congruent,501.7,0
sub-009,6,incongruent,669.5,1
sub-009,7,congruent,571.0,1
sub-009,8,incongruent,605.0,1
sub-009,9,incongruent,655.5,1
sub-009,10,incongruent,673.8,0
sub-009,11,congruent,384.5,1
sub-009,12,congruent,496.4,1
sub-009,13,incongruent,607.1,1
sub-009,14,congruent,513.3,1
sub-009,15,congruent,626.2,1
sub-009,16,congruent,478.8,1
sub-009,17,incongruent,678.1,1
sub-009,18,incongruent,692.3,1
sub-009,19,congruent,532.5,1
sub-009,20,incongruent,665.0,1
sub-009,21,congruent,422.5,1
sub-009,22,incongruent,620.0,1
sub-009,23,congruent,498.4,1
sub-009,24,congruent,485.6,1
sub-009,25,incongruent,582.3,1
sub-009,26,congruent,538.5,1
sub-009,27,congruent,494.0,1
sub-009,28,incongruent,539.9,1
sub-009,29,incongruent,588.1,1
sub-009,30,incongruent,533.9,1
sub-009,31,incongruent,532.5,1
sub-009,32,incongruent,672.6,1
sub-009,33,congruent,525.6,1
sub-009,34,congruent,601.3,1
sub-009,35,incongruent,546.8,1
sub-009,36,congruent,529.7,1
sub-009,37,congruent,528.3,1
sub-009,38,incongruent,664.3,1
sub-009,39,incongruent,672.3,1
sub-009,40,incongruent,664.0,1
sub-009,41,congruent,499.1,1
sub-009,42,congruent,446.5,1
sub-009,43,congruent,561.3,1
sub-009,44,congruent,332.7,1
sub-009,45,congruent,430.6,1
sub-009,46,incongruent,633.5,1
sub-009,47,incongruent,559.9,1
sub-009,48,congruent,512.1,1
sub-009,49,congruent,433.9,1
sub-009,50,congruent,586.0,1
sub-009,51,incongruent,591.0,1
sub-009,52,incongruent,574.3,1
sub-009,53,incongruent,601.6,1
sub-009,54,congruent,519.8,1
sub-009,55,incongruent,583.8,0
sub-009,56,congruent,415.2,1
sub-009,57,congruent,468.6,1
sub-009,58,incongruent,551.1,1
sub-009,59,congruent,477.0,1
sub-009,60,incongruent,610.7,0
sub-009,61,congruent,447.7,1
sub-009,62,incongruent,666.3,1
sub-009,63,incongruent,691.8,1
sub-009,64,incongruent,506.0,1
sub-009,65,incongruent,744.5,0
sub-009,66,incongruent,630.9,0
sub-009,67,incongruent,643.6,1
sub-009,68,congruent,404.7,1
sub-009,69,incongruent,490.7,0
sub-009,70,incongruent,744.8,1
sub-009,71,congruent,510.1,1
sub-009,72,incongruent,705.1,1
sub-009,73,incongruent,668.5,0
sub-009,74,incongruent,551.9,1
sub-009,75,congruent,486.9,1
sub-009,76,congruent,498.8,1
sub-009,77,incongruent,626.6,1
sub-009,78,congruent,486.7,1
sub-009,79,congruent,541.8,1
sub-009,80,congruent,437.4,1
sub-009,81,congruent,428.4,1
sub-009,82,congruent,463.0,1
sub-009,83,congruent,512.5,1
sub-009,84,congruent,452.4,1
sub-009,85,incongruent,610.5,1
sub-009,86,incongruent,683.3,1
sub-009,87,incongruent,666.9,1
sub-009,88,incongruent,593.2,1
sub-009,89,congruent,314.5,1
sub-009,90,congruent,413.6,1
sub-009,91,incongruent,620.3,1
sub-009,92,congruent,527.2,1
sub-009,93,congruent,432.6,1
sub-009,94,incongruent,656.3,1
sub-009,95,incongruent,597.1,1
sub-009,96,congruent,522.2,1
sub-009,97,incongruent,542.2,1
sub-009,98,congruent,478.6,1
sub-009,99,congruent,480.1,1
sub-009,100,congruent,521.8,1
sub-010,1,congruent,613.2,1
sub-010,2,incongruent,455.1,1
sub-010,3,congruent,568.2,1
sub-010,4,congruent,533.2,1
sub-010,5,congruent,404.9,1
sub-010,6,congruent,564.9,1
sub-010,7,congruent,564.6,1
sub-010,8,incongruent,544.0,1
sub-010,9,incongruent,502.2,0
sub-010,10,congruent,451.2,1
sub-010,11,congruent,574.7,1
sub-010,12,incongruent,586.3,1
sub-010,13,congruent,419.4,1
sub-010,14,incongruent,649.6,1
sub-010,15,congruent,549.8,1
sub-010,16,incongruent,477.9,1
sub-010,17,congruent,506.7,1
sub-010,18,incongruent,556.0,0
sub-010,19,congruent,495.4,1
sub-010,20,congruent,533.1,1
sub-010,21,incongruent,584.4,1
sub-010,22,incongruent,615.0,1
sub-010,23,congruent,478.5,1
sub-010,24,congruent,467.9,1
sub-010,25,congruent,480.9,1
sub-010,26,incongruent,370.8,1
sub-010,27,congruent,472.8,1
sub-010,28,congruent,570.9,0
sub-010,29,congruent,444.9,1
sub-010,30,congruent,402.1,1
sub-010,31,congruent,519.4,1
sub-010,32,congruent,646.7,1
sub-010,33,incongruent,525.6,1
sub-010,34,congruent,518.0,1
sub-010,35,incongruent,524.9,1
sub-010,36,incongruent,474.0,1
sub-010,37,congruent,459.6,1
sub-010,38,congruent,460.8,1
sub-010,39,congruent,466.1,1
sub-010,40,congruent,413.9,1
sub-010,41,incongruent,469.6,1
sub-010,42,congruent,393.8,1
sub-010,43,incongruent,550.2,1
sub-010,44,incongruent,555.2,1
sub-010,45,congruent,550.8,1
sub-010,46,congruent,545.1,1
sub-010,47,incongruent,499.0,1
sub-010,48,incongruent,514.7,1
sub-010,49,incongruent,507.6,1
sub-010,50,incongruent,466.4,1
sub-010,51,congruent,451.7,1
sub-010,52,incongruent,456.3,1
sub-010,53,incongruent,438.8,1
sub-010,54,congruent,535.0,0
sub-010,55,congruent,483.5,1
sub-010,56,incongruent,501.2,0
sub-010,57,incongruent,586.2,1
sub-010,58,incongruent,590.9,1
sub-010,59,incongruent,641.4,1
sub-010,60,incongruent,525.6,0
sub-010,61,incongruent,562.5,1
sub-010,62,incongruent,527.6,1
sub-010,63,congruent,448.0,1
sub-010,64,incongruent,615.5,1
sub-010,65,incongruent,580.7,1
sub-010,66,incongruent,486.7,1
sub-010,67,incongruent,555.1,1
sub-010,68,congruent,525.4,1
sub-010,69,incongruent,541.6,1
sub-010,70,congruent,481.5,1
sub-010,71,incongruent,701.2,1
sub-010,72,incongruent,499.1,1
sub-010,73,incongruent,513.5,1
sub-010,74,incongruent,647.8,1
sub-010,75,congruent,494.9,1
sub-010,76,incongruent,544.8,0
sub-010,77,incongruent,474.1,1
sub-010,78,congruent,507.9,1
sub-010,79,congruent,522.1,1
sub-010,80,incongruent,627.1,1
sub-010,81,congruent,571.4,1
sub-010,82,congruent,510.2,1
sub-010,83,congruent,446.4,1
sub-010,84,incongruent,478.1,1
sub-010,85,incongruent,651.7,1
sub-010,86,incongruent,518.5,0
sub-010,87,congruent,564.3,1
sub-010,88,incongruent,602.9,1
sub-010,89,congruent,473.0,1
sub-010,90,congruent,579.6,1
sub-010,91,congruent,486.0,1
sub-010,92,congruent,571.6,1
sub-010,93,incongruent,541.3,1
sub-010,94,incongruent,536.7,0
sub-010,95,congruent,483.3,1
sub-010,96,congruent,623.9,1
sub-010,97,incongruent,583.0,1
sub-010,98,incongruent,555.3,1
sub-010,99,congruent,386.9,1
sub-010,100,incongruent,511.1,1
sub-011,1,incongruent,649.1,0
sub-011,2,congruent,454.9,1
sub-011,3,incongruent,649.6,1
sub-011,4,congruent,523.2,1
sub-011,5,congruent,465.9,1
sub-011,6,congruent,376.0,1
sub-011,7,congruent,384.7,1
sub-011,8,congruent,427.8,1
sub-011,9,congruent,447.0,1
sub-011,10,incongruent,523.9,1
sub-011,11,congruent,461.8,1
sub-011,12,congruent,537.6,1
sub-011,13,congruent,563.1,1
sub-011,14,incongruent,425.9,0
sub-011,15,congruent,474.9,1
sub-011,16,incongruent,597.4,1
sub-011,17,incongruent,543.1,0
sub-011,18,incongruent,567.7,0
sub-011,19,incongruent,490.1,1
sub-011,20,incongruent,539.8,1
sub-011,21,incongruent,524.7,1
sub-011,22,incongruent,488.3,1
sub-011,23,congruent,411.9,1
sub-011,24,congruent,472.1,1
sub-011,25,incongruent,512.1,0
sub-011,26,congruent,440.0,1
sub-011,27,incongruent,520.3,1
sub-011,28,congruent,414.3,1
sub-011,29,congruent,372.2,1
sub-011,30,congruent,361.6,0
sub-011,31,incongruent,544.8,0
sub-011,32,congruent,417.7,1
sub-011,33,incongruent,453.4,1
sub-011,34,incongruent,497.0,1
sub-011,35,incongruent,560.2,1
sub-011,36,congruent,477.3,1
sub-011,37,congruent,336.7,1
sub-011,38,congruent,479.9,1
sub-011,39,congruent,322.2,1
sub-011,40,congruent,404.5,1
sub-011,41,congruent,500.3,1
sub-011,42,incongruent,464.4,1
sub-011,43,incongruent,593.1,1
sub-011,44,incongruent,541.9,0
sub-011,45,incongruent,656.4,1
sub-011,46,congruent,547.8,0
sub-011,47,congruent,469.0,1
sub-011,48,congruent,428.7,1
sub-011,49,congruent,528.1,1
sub-011,50,incongruent,558.0,1
sub-011,51,incongruent,584.0,1
sub-011,52,incongruent,567.6,1
sub-011,53,incongruent,552.5,1
sub-011,54,incongruent,463.2,1
sub-011,55,incongruent,593.9,1
sub-011,56,incongruent,494.4,0
sub-011,57,incongruent,627.7,0
sub-011,58,congruent,409.8,1
sub-011,59,incongruent,542.3,1
sub-011,60,congruent,544.3,1
sub-011,61,incongruent,561.3,1
sub-011,62,congruent,390.6,1
sub-011,63,incongruent,598.0,1
sub-011,64,incongruent,530.0,1
sub-011,65,congruent,492.0,1
sub-011,66,incongruent,506.4,1
sub-011,67,congruent,463.4,1
sub-011,68,incongruent,635.5,1
sub-011,69,incongruent,533.7,1
sub-011,70,congruent,591.0,1
sub-011,71,congruent,529.9,1
sub-011,72,incongruent,574.1,0
sub-011,73,incongruent,540.8,1
sub-011,74,congruent,408.1,1
sub-011,75,congruent,488.6,1
sub-011,76,congruent,446.6,1
sub-011,77,incongruent,556.6,1
sub-011,78,congruent,521.6,1
sub-011,79,incongruent,506.1,1
sub-011,80,congruent,481.9,1
sub-011,81,congruent,312.9,1
sub-011,82,congruent,527.4,1
sub-011,83,congruent,361.6,1
sub-011,84,congruent,438.1,1
sub-011,85,congruent,465.5,1
sub-011,86,congruent,468.2,1
sub-011,87,congruent,473.5,1
sub-011,88,incongruent,568.4,1
sub-011,89,congruent,578.9,1
sub-011,90,congruent,531.2,1
sub-011,91,incongruent,578.5,1
sub-011,92,incongruent,412.5,1
sub-011,93,congruent,409.6,1
sub-011,94,incongruent,640.0,0
sub-011,95,incongruent,396.9,1
sub-011,96,incongruent,500.4,1
sub-011,97,incongruent,488.8,1
sub-011,98,incongruent,670.0,0
sub-011,99,incongruent,499.8,1
sub-011,100,incongruent,539.6,1
sub-012,1,congruent,497.7,1
sub-012,2,congruent,499.3,1
sub-012,3,incongruent,559.2,1
sub-012,4,incongruent,714.9,0
sub-012,5,congruent,588.1,1
sub-012,6,incongruent,544.5,1
sub-012,7,congruent,505.8,1
sub-012,8,congruent,599.1,1
sub-012,9,incongruent,584.0,1
sub-012,10,congruent,482.3,1
sub-012,11,congruent,576.6,1
sub-012,12,incongruent,570.6,1
sub-012,13,congruent,653.7,1
sub-012,14,incongruent,632.2,1
sub-012,15,congruent,483.4,1
sub-012,16,congruent,331.7,1
sub-012,17,congruent,565.0,1
sub-012,18,incongruent,521.2,1
sub-012,19,congruent,535.8,1
sub-012,20,congruent,534.9,1
sub-012,21,congruent,547.8,1
sub-012,22,congruent,412.5,1
sub-012,23,incongruent,564.7,1
sub-012,24,congruent,546.5,1
sub-012,25,congruent,551.2,1
sub-012,26,incongruent,707.0,1
sub-012,27,incongruent,562.3,1
sub-012,28,incongruent,520.4,1
sub-012,29,incongruent,505.1,1
sub-012,30,congruent,519.7,1
sub-012,31,incongruent,679.4,0
sub-012,32,incongruent,576.3,0
sub-012,33,incongruent,570.1,1
sub-012,34,incongruent,662.9,1
sub-012,35,congruent,515.2,1
sub-012,36,congruent,495.0,1
sub-012,37,congruent,479.7,1
sub-012,38,incongruent,615.4,0
sub-012,39,congruent,492.4,1
sub-012,40,congruent,545.8,1
sub-012,41,congruent,461.1,1
sub-012,42,incongruent,624.7,1
sub-012,43,incongruent,557.1,1
sub-012,44,incongruent,526.4,1
sub-012,45,incongruent,658.7,0
sub-012,46,congruent,503.6,1
sub-012,47,congruent,468.5,0
sub-012,48,congruent,438.0,1
sub-012,49,incongruent,581.7,1
sub-012,50,incongruent,686.1,1
sub-012,51,incongruent,624.1,1
sub-012,52,incongruent,677.1,1
sub-012,53,incongruent,649.6,1
sub-012,54,incongruent,688.1,1
sub-012,55,incongruent,620.4,0
sub-012,56,incongruent,661.1,1
sub-012,57,congruent,401.1,1
sub-012,58,congruent,533.1,1
sub-012,59,incongruent,478.7,0
sub-012,60,incongruent,668.1,1
sub-012,61,incongruent,784.0,1
sub-012,62,incongruent,592.7,1
sub-012,63,incongruent,704.3,0
sub-012,64,congruent,569.3,1
sub-012,65,incongruent,594.3,1
sub-012,66,congruent,481.2,1
sub-012,67,incongruent,644.2,1
sub-012,68,incongruent,619.5,1
sub-012,69,congruent,522.6,1
sub-012,70,incongruent,600.3,1
sub-012,71,congruent,489.3,1
sub-012,72,congruent,452.8,1
sub-012,73,incongruent,508.8,0
sub-012,74,congruent,505.4,1
sub-012,75,congruent,532.9,1
sub-012,76,incongruent,516.3,1
sub-012,77,congruent,463.4,1
sub-012,78,congruent,407.9,1
sub-012,79,congruent,562.4,1
sub-012,80,incongruent,678.0,1
sub-012,81,incongruent,573.4,1
sub-012,82,incongruent,601.4,1
sub-012,83,congruent,532.5,1
sub-012,84,incongruent,592.4,1
sub-012,85,congruent,546.9,1
sub-012,86,congruent,628.1,1
sub-012,87,incongruent,673.9,0
sub-012,88,congruent,564.3,1
sub-012,89,incongruent,728.2,1
sub-012,90,incongruent,526.2,1
sub-012,91,incongruent,631.2,1
sub-012,92,congruent,404.4,1
sub-012,93,congruent,625.1,1
sub-012,94,congruent,559.5,1
sub-012,95,congruent,506.8,1
sub-012,96,incongruent,579.1,1
sub-012,97,congruent,475.0,1
sub-012,98,congruent,493.7,1
sub-012,99,congruent,409.3,1
sub-012,100,incongruent,576.1,1
sub-013,1,incongruent,766.1,0
sub-013,2,incongruent,666.1,1
sub-013,3,incongruent,651.7,1
sub-013,4,congruent,588.7,1
sub-013,5,incongruent,736.7,1
sub-013,6,incongruent,683.3,1
sub-013,7,incongruent,681.3,1
sub-013,8,incongruent,732.1,1
sub-013,9,congruent,590.6,1
sub-013,10,congruent,628.6,1
sub-013,11,congruent,565.0,1
sub-013,12,incongruent,659.3,0
sub-013,13,congruent,540.1,1
sub-013,14,congruent,480.6,1
sub-013,15,incongruent,708.5,0
sub-013,16,incongruent,638.9,0
sub-013,17,incongruent,770.8,1
sub-013,18,congruent,499.4,1
sub-013,19,congruent,557.8,1
sub-013,20,congruent,505.1,1
sub-013,21,incongruent,668.8,0
sub-013,22,incongruent,604.9,1
sub-013,23,incongruent,603.9,1
sub-013,24,incongruent,663.1,0
sub-013,25,incongruent,709.6,1
sub-013,26,incongruent,775.4,1
sub-013,27,congruent,652.6,1
sub-013,28,incongruent,590.7,1
sub-013,29,congruent,536.4,1
sub-013,30,incongruent,802.6,1
sub-013,31,congruent,522.7,1
sub-013,32,congruent,539.5,1
sub-013,33,congruent,522.3,1
sub-013,34,incongruent,707.1,1
sub-013,35,congruent,620.5,1
sub-013,36,incongruent,680.9,1
sub-013,37,congruent,513.3,1
sub-013,38,congruent,613.4,0
sub-013,39,congruent,569.2,1
sub-013,40,incongruent,586.2,1
sub-013,41,incongruent,612.5,1
sub-013,42,congruent,639.4,1
sub-013,43,incongruent,764.1,1
sub-013,44,congruent,556.3,1
sub-013,45,congruent,609.2,1
sub-013,46,incongruent,733.3,1
sub-013,47,incongruent,649.3,0
sub-013,48,incongruent,653.2,1
sub-013,49,incongruent,701.9,0
sub-013,50,incongruent,718.7,1
sub-013,51,congruent,494.7,1
sub-013,52,incongruent,654.0,1
sub-013,53,congruent,605.4,1
sub-013,54,congruent,656.6,1
sub-013,55,incongruent,654.8,1
sub-013,56,incongruent,623.7,0
sub-013,57,congruent,524.2,1
sub-013,58,congruent,529.8,1
sub-013,59,incongruent,663.3,0
sub-013,60,incongruent,585.0,1
sub-013,61,congruent,608.2,1
sub-013,62,incongruent,533.0,1
sub-013,63,congruent,449.4,1
sub-013,64,congruent,517.2,1
sub-013,65,congruent,595.1,1
sub-013,66,incongruent,620.1,1
sub-013,67,congruent,580.3,1
sub-013,68,congruent,560.8,1
sub-013,69,incongruent,559.8,1
sub-013,70,congruent,637.0,1
sub-013,71,congruent,546.5,1
sub-013,72,incongruent,675.3,0
sub-013,73,congruent,464.3,1
sub-013,74,congruent,549.2,1
sub-013,75,congruent,613.8,1
sub-013,76,congruent,540.9,1
sub-013,77,congruent,499.8,1
sub-013,78,incongruent,667.1,1
sub-013,79,congruent,554.8,1
sub-013,80,incongruent,728.7,1
sub-013,81,congruent,629.7,1
sub-013,82,congruent,633.3,1
sub-013,83,incongruent,673.7,1
sub-013,84,incongruent,785.5,0
sub-013,85,incongruent,541.4,1
sub-013,86,congruent,598.8,1
sub-013,87,congruent,535.6,0
sub-013,88,incongruent,556.0,1
sub-013,89,congruent,494.6,1
sub-013,90,incongruent,686.1,1
sub-013,91,congruent,573.4,1
sub-013,92,incongruent,644.9,1
sub-013,93,congruent,573.4,1
sub-013,94,congruent,521.3,0
sub-013,95,congruent,601.1,1
sub-013,96,incongruent,691.5,1
sub-013,97,incongruent,599.5,0
sub-013,98,incongruent,682.8,1
sub-013,99,congruent,611.0,1
sub-013,100,incongruent,625.0,1
sub-014,1,congruent,410.4,1
sub-014,2,incongruent,570.4,1
sub-014,3,congruent,471.9,1
sub-014,4,incongruent,556.0,1
sub-014,5,incongruent,577.4,1
sub-014,6,congruent,494.9,1
sub-014,7,incongruent,475.8,1
sub-014,8,incongruent,513.3,1
sub-014,9,incongruent,602.3,1
sub-014,10,incongruent,580.6,1
sub-014,11,congruent,382.4,1
sub-014,12,incongruent,546.4,1
sub-014,13,congruent,480.3,1
sub-014,14,incongruent,469.7,1
sub-014,15,congruent,277.2,1
sub-014,16,congruent,403.7,1
sub-014,17,congruent,534.4,0
sub-014,18,incongruent,465.2,1
sub-014,19,congruent,480.3,1
sub-014,20,congruent,386.4,1
sub-014,21,congruent,433.3,1
sub-014,22,congruent,602.2,1
sub-014,23,congruent,502.8,1
sub-014,24,incongruent,674.0,1
sub-014,25,incongruent,387.8,1
sub-014,26,incongruent,555.5,1
sub-014,27,congruent,520.8,1
sub-014,28,congruent,491.8,1
sub-014,29,congruent,472.1,1
sub-014,30,congruent,410.2,1
sub-014,31,congruent,557.7,1
sub-014,32,congruent,433.5,1
sub-014,33,congruent,576.9,1
sub-014,34,congruent,474.3,1
sub-014,35,congruent,545.8,1
sub-014,36,congruent,396.0,1
sub-014,37,congruent,474.2,1
sub-014,38,incongruent,610.8,1
sub-014,39,incongruent,499.7,1
sub-014,40,congruent,394.4,1
sub-014,41,incongruent,516.9,1
sub-014,42,incongruent,519.7,1
sub-014,43,incongruent,672.9,1
sub-014,44,incongruent,412.0,1
sub-014,45,incongruent,512.6,1
sub-014,46,incongruent,658.3,1
sub-014,47,congruent,455.8,1
sub-014,48,incongruent,647.2,1
sub-014,49,congruent,466.6,1
sub-014,50,incongruent,525.5,1
sub-014,51,incongruent,671.8,0
sub-014,52,congruent,508.2,1
sub-014,53,congruent,462.7,1
sub-014,54,congruent,389.1,1
sub-014,55,incongruent,539.2,1
sub-014,56,incongruent,506.9,1
sub-014,57,congruent,397.5,1
sub-014,58,congruent,537.3,1
sub-014,59,congruent,394.7,1
sub-014,60,incongruent,470.0,1
sub-014,61,incongruent,630.5,1
sub-014,62,congruent,463.4,1
sub-014,63,incongruent,425.5,1
sub-014,64,congruent,496.0,1
sub-014,65,incongruent,492.8,1
sub-014,66,incongruent,549.1,0
sub-014,67,congruent,499.1,1
sub-014,68,congruent,588.7,1
sub-014,69,incongruent,596.9,1
sub-014,70,incongruent,479.1,1
sub-014,71,congruent,553.1,1
sub-014,72,congruent,427.9,1
sub-014,73,congruent,398.6,1
sub-014,74,incongruent,591.7,0
sub-014,75,congruent,492.8,1
sub-014,76,incongruent,464.1,1
sub-014,77,incongruent,607.1,1
sub-014,78,incongruent,545.8,1
sub-014,79,congruent,588.1,1
sub-014,80,incongruent,461.4,1
sub-014,81,congruent,427.8,0
sub-014,82,incongruent,630.8,1
sub-014,83,congruent,477.5,1
sub-014,84,incongruent,536.4,1
sub-014,85,incongruent,585.3,1
sub-014,86,incongruent,383.5,1
sub-014,87,congruent,483.8,1
sub-014,88,incongruent,525.6,1
sub-014,89,incongruent,440.1,1
sub-014,90,incongruent,593.4,1
sub-014,91,incongruent,530.7,1
sub-014,92,incongruent,635.3,1
sub-014,93,congruent,499.3,1
sub-014,94,congruent,470.5,1
sub-014,95,congruent,469.3,1
sub-014,96,incongruent,622.8,1
sub-014,97,congruent,354.8,1
sub-014,98,incongruent,654.6,0
sub-014,99,incongruent,599.4,0
sub-014,100,congruent,578.2,1
sub-015,1,incongruent,539.6,1
sub-015,2,incongruent,557.5,1
sub-015,3,congruent,668.1,1
sub-015,4,incongruent,510.3,1
sub-015,5,incongruent,509.4,1
sub-015,6,incongruent,479.3,1
sub-015,7,incongruent,593.2,1
sub-015,8,congruent,497.3,1
sub-015,9,incongruent,580.4,1
sub-015,10,incongruent,616.4,1
sub-015,11,congruent,501.0,0
sub-015,12,congruent,420.1,1
sub-015,13,incongruent,578.7,1
sub-015,14,incongruent,681.3,1
sub-015,15,congruent,450.0,1
sub-015,16,congruent,549.6,1
sub-015,17,incongruent,573.6,1
sub-015,18,incongruent,641.2,1
sub-015,19,incongruent,603.3,1
sub-015,20,incongruent,568.3,1
sub-015,21,congruent,477.5,1
sub-015,22,incongruent,609.1,1
sub-015,23,congruent,520.2,1
sub-015,24,incongruent,664.1,1
sub-015,25,congruent,389.4,1
sub-015,26,incongruent,592.6,0
sub-015,27,incongruent,590.8,1
sub-015,28,congruent,502.6,1
sub-015,29,incongruent,527.2,1
sub-015,30,incongruent,528.5,1
sub-015,31,congruent,529.0,1
sub-015,32,congruent,512.4,1
sub-015,33,congruent,563.3,1
sub-015,34,congruent,337.9,1
sub-015,35,congruent,579.2,1
sub-015,36,incongruent,602.2,1
sub-015,37,incongruent,635.6,1
sub-015,38,incongruent,673.7,1
sub-015,39,congruent,559.9,1
sub-015,40,congruent,481.5,1
sub-015,41,incongruent,573.3,1
sub-015,42,congruent,524.9,1
sub-015,43,congruent,513.2,1
sub-015,44,incongruent,666.5,1
sub-015,45,incongruent,431.3,1
sub-015,46,incongruent,607.6,1
sub-015,47,congruent,605.5,1
sub-015,48,incongruent,645.6,1
sub-015,49,incongruent,609.8,1
sub-015,50,incongruent,662.4,1
sub-015,51,congruent,424.8,1
sub-015,52,congruent,502.1,1
sub-015,53,congruent,538.1,1
sub-015,54,congruent,582.2,1
sub-015,55,incongruent,582.5,1
sub-015,56,congruent,476.9,1
sub-015,57,congruent,474.9,0
sub-015,58,congruent,503.5,1
sub-015,59,incongruent,530.1,1
sub-015,60,congruent,528.8,1
sub-015,61,incongruent,642.3,1
sub-015,62,congruent,580.9,1
sub-015,63,incongruent,695.9,1
sub-015,64,incongruent,513.3,1
sub-015,65,congruent,554.3,1
sub-015,66,incongruent,532.8,1
sub-015,67,congruent,445.7,1
sub-015,68,incongruent,636.4,1
sub-015,69,incongruent,582.4,1
sub-015,70,congruent,594.3,1
sub-015,71,congruent,478.2,1
sub-015,72,incongruent,660.1,1
sub-015,73,congruent,533.0,0
sub-015,74,congruent,592.7,0
sub-015,75,congruent,514.5,1
sub-015,76,incongruent,605.9,1
sub-015,77,incongruent,533.2,1
sub-015,78,incongruent,564.0,1
sub-015,79,congruent,481.9,1
sub-015,80,congruent,392.3,1
sub-015,81,incongruent,572.3,1
sub-015,82,congruent,444.8,1
sub-015,83,congruent,495.7,1
sub-015,84,incongruent,575.5,1
sub-015,85,congruent,636.7,1
sub-015,86,congruent,427.9,1
sub-015,87,congruent,409.5,1
sub-015,88,congruent,397.2,1
sub-015,89,congruent,485.8,1
sub-015,90,incongruent,639.5,1
sub-015,91,congruent,524.5,1
sub-015,92,incongruent,617.7,1
sub-015,93,incongruent,755.8,1
sub-015,94,congruent,600.8,1
sub-015,95,congruent,607.1,1
sub-015,96,congruent,514.6,1
sub-015,97,incongruent,619.5,1
sub-015,98,incongruent,696.1,1
sub-015,99,incongruent,563.8,1
sub-015,100,congruent,528.6,1
sub-016,1,incongruent,469.1,1
sub-016,2,incongruent,690.0,0
sub-016,3,incongruent,666.3,1
sub-016,4,incongruent,678.1,1
sub-016,5,incongruent,579.9,1
sub-016,6,congruent,461.6,1
sub-016,7,incongruent,575.9,1
sub-016,8,incongruent,616.3,1
sub-016,9,incongruent,702.4,0
sub-016,10,incongruent,686.1,1
sub-016,11,congruent,553.7,1
sub-016,12,congruent,427.5,1
sub-016,13,congruent,615.7,1
sub-016,14,incongruent,538.8,1
sub-016,15,incongruent,674.8,1
sub-016,16,incongruent,655.8,1
sub-016,17,incongruent,546.9,0
sub-016,18,incongruent,564.0,1
sub-016,19,incongruent,565.6,1
sub-016,20,congruent,433.8,1
sub-016,21,congruent,520.7,1
sub-016,22,congruent,566.6,1
sub-016,23,congruent,441.8,1
sub-016,24,incongruent,645.5,0
sub-016,25,congruent,467.8,1
sub-016,26,congruent,678.7,1
sub-016,27,congruent,586.6,1
sub-016,28,incongruent,682.1,1
sub-016,29,incongruent,676.9,1
sub-016,30,congruent,557.5,1
sub-016,31,congruent,447.2,1
sub-016,32,congruent,554.0,1
sub-016,33,incongruent,518.1,1
sub-016,34,incongruent,546.6,0
sub-016,35,congruent,519.1,1
sub-016,36,incongruent,651.6,1
sub-016,37,incongruent,614.0,0
sub-016,38,incongruent,691.3,1
sub-016,39,congruent,469.0,1
sub-016,40,congruent,590.3,1
sub-016,41,congruent,530.8,1
sub-016,42,incongruent,650.6,1
sub-016,43,incongruent,580.2,1
sub-016,44,incongruent,546.7,1
sub-016,45,congruent,554.9,1
sub-016,46,incongruent,598.5,1
sub-016,47,incongruent,486.5,1
sub-016,48,congruent,529.9,1
sub-016,49,congruent,476.5,1
sub-016,50,congruent,501.9,1
sub-016,51,congruent,494.9,1
sub-016,52,congruent,374.8,1
sub-016,53,incongruent,629.7,1
sub-016,54,incongruent,687.6,1
sub-016,55,congruent,471.3,1
sub-016,56,incongruent,694.1,1
sub-016,57,congruent,505.6,1
sub-016,58,congruent,520.7,1
sub-016,59,incongruent,652.4,1
sub-016,60,congruent,477.3,1
sub-016,61,congruent,649.5,1
sub-016,62,congruent,538.9,1
sub-016,63,incongruent,595.6,1
sub-016,64,incongruent,669.8,1
sub-016,65,congruent,526.6,1
sub-016,66,incongruent,633.6,1
sub-016,67,incongruent,632.3,1
sub-016,68,incongruent,670.4,1
sub-016,69,congruent,422.0,1
sub-016,70,incongruent,581.6,1
sub-016,71,congruent,423.1,1
sub-016,72,incongruent,543.9,1
sub-016,73,congruent,346.5,1
sub-016,74,congruent,488.8,1
sub-016,75,congruent,475.5,1
sub-016,76,congruent,434.4,1
sub-016,77,incongruent,603.9,0
sub-016,78,congruent,606.8,1
sub-016,79,incongruent,681.1,1
sub-016,80,congruent,360.7,1
sub-016,81,incongruent,609.3,1
sub-016,82,congruent,580.1,1
sub-016,83,congruent,507.7,1
sub-016,84,congruent,520.7,1
sub-016,85,incongruent,640.7,1
sub-016,86,incongruent,562.9,0
sub-016,87,congruent,545.5,1
sub-016,88,congruent,569.3,1
sub-016,89,congruent,472.6,1
sub-016,90,incongruent,642.9,1
sub-016,91,congruent,467.1,1
sub-016,92,congruent,532.7,1
sub-016,93,congruent,600.8,1
sub-016,94,incongruent,704.5,1
sub-016,95,congruent,397.0,1
sub-016,96,incongruent,580.3,1
sub-016,97,incongruent,594.8,1
sub-016,98,incongruent,678.1,1
sub-016,99,incongruent,624.0,1
sub-016,100,congruent,506.9,1
sub-017,1,incongruent,687.2,1
sub-017,2,congruent,487.3,1
sub-017,3,congruent,516.2,1
sub-017,4,incongruent,696.2,1
sub-017,5,incongruent,700.0,1
sub-017,6,incongruent,641.4,1
sub-017,7,congruent,438.4,1
sub-017,8,incongruent,491.6,1
sub-017,9,incongruent,597.7,1
sub-017,10,congruent,452.3,1
sub-017,11,congruent,539.6,1
sub-017,12,incongruent,516.3,1
sub-017,13,congruent,546.3,1
sub-017,14,incongruent,484.5,1
sub-017,15,incongruent,609.9,1
sub-017,16,incongruent,696.6,0
sub-017,17,incongruent,609.1,1
sub-017,18,congruent,499.0,1
sub-017,19,congruent,601.9,1
sub-017,20,congruent,374.2,1
sub-017,21,congruent,508.8,1
sub-017,22,congruent,608.0,1
sub-017,23,congruent,445.5,1
sub-017,24,incongruent,631.0,0
sub-017,25,congruent,537.4,1
sub-017,26,congruent,527.2,1
sub-017,27,incongruent,638.7,1
sub-017,28,incongruent,714.2,1
sub-017,29,congruent,404.2,1
sub-017,30,incongruent,668.5,1
sub-017,31,congruent,594.0,1
sub-017,32,incongruent,695.5,1
sub-017,33,incongruent,608.8,1
sub-017,34,congruent,505.5,1
sub-017,35,incongruent,572.1,1
sub-017,36,incongruent,645.7,1
sub-017,37,incongruent,613.9,1
sub-017,38,congruent,481.6,1
sub-017,39,incongruent,561.3,1
sub-017,40,incongruent,600.5,1
sub-017,41,congruent,648.7,1
sub-017,42,congruent,446.9,1
sub-017,43,incongruent,524.2,1
sub-017,44,incongruent,610.0,1
sub-017,45,incongruent,536.6,0
sub-017,46,incongruent,463.2,1
sub-017,47,congruent,468.5,1
sub-017,48,congruent,441.3,1
sub-017,49,congruent,492.7,1
sub-017,50,congruent,488.0,1
sub-017,51,congruent,540.4,1
sub-017,52,congruent,407.5,1
sub-017,53,congruent,474.8,1
sub-017,54,congruent,466.6,1
sub-017,55,congruent,471.8,1
sub-017,56,congruent,594.2,1
sub-017,57,incongruent,711.6,1
sub-017,58,congruent,508.0,1
sub-017,59,incongruent,634.7,1
sub-017,60,incongruent,651.6,1
sub-017,61,congruent,548.8,1
sub-017,62,incongruent,666.1,1
sub-017,63,incongruent,536.1,1
sub-017,64,congruent,534.7,1
sub-017,65,congruent,559.9,1
sub-017,66,congruent,401.0,1
sub-017,67,incongruent,603.6,1
sub-017,68,congruent,380.8,1
sub-017,69,incongruent,478.1,1
sub-017,70,incongruent,586.8,1
sub-017,71,congruent,556.2,1
sub-017,72,congruent,578.3,1
sub-017,73,congruent,511.2,1
sub-017,74,incongruent,534.4,1
sub-017,75,congruent,558.1,1
sub-017,76,incongruent,570.4,1
sub-017,77,incongruent,606.6,1
sub-017,78,incongruent,600.6,1
sub-017,79,congruent,580.0,1
sub-017,80,incongruent,705.9,1
sub-017,81,incongruent,645.7,1
sub-017,82,incongruent,671.5,1
sub-017,83,congruent,498.6,1
sub-017,84,incongruent,540.7,1
sub-017,85,congruent,493.4,1
sub-017,86,congruent,575.0,1
sub-017,87,congruent,490.1,1
sub-017,88,incongruent,579.8,1
sub-017,89,incongruent,590.5,1
sub-017,90,incongruent,547.6,0
sub-017,91,incongruent,665.5,1
sub-017,92,incongruent,710.9,1
sub-017,93,incongruent,559.0,1
sub-017,94,incongruent,647.5,1
sub-017,95,congruent,408.5,1
sub-017,96,congruent,564.0,1
sub-017,97,congruent,491.8,1
sub-017,98,congruent,447.0,1
sub-017,99,congruent,463.9,1
sub-017,100,incongruent,590.6,1
sub-018,1,incongruent,729.5,1
sub-018,2,incongruent,644.5,1
sub-018,3,congruent,478.3,1
sub-018,4,congruent,503.0,1
sub-018,5,incongruent,632.1,1
sub-018,6,incongruent,670.5,1
sub-018,7,incongruent,629.6,1
sub-018,8,congruent,567.8,1
sub-018,9,congruent,433.0,1
sub-018,10,congruent,505.1,1
sub-018,11,incongruent,603.3,1
sub-018,12,congruent,496.7,1
sub-018,13,congruent,530.6,1
sub-018,14,incongruent,646.9,1
sub-018,15,incongruent,656.0,1
sub-018,16,congruent,518.6,1
sub-018,17,congruent,568.0,1
sub-018,18,incongruent,624.9,0
sub-018,19,incongruent,570.2,1
sub-018,20,congruent,578.0,1
sub-018,21,incongruent,577.2,1
sub-018,22,congruent,622.2,1
sub-018,23,congruent,452.3,1
sub-018,24,congruent,469.7,1
sub-018,25,congruent,558.8,1
sub-018,26,congruent,566.7,1
sub-018,27,congruent,522.2,1
sub-018,28,congruent,550.2,1
sub-018,29,incongruent,721.9,1
sub-018,30,incongruent,725.3,1
sub-018,31,congruent,441.6,1
sub-018,32,incongruent,714.0,0
sub-018,33,incongruent,585.4,1
sub-018,34,incongruent,671.3,1
sub-018,35,incongruent,752.2,1
sub-018,36,incongruent,633.8,1
sub-018,37,congruent,476.4,1
sub-018,38,incongruent,614.7,1
sub-018,39,congruent,464.6,1
sub-018,40,congruent,564.5,1
sub-018,41,congruent,498.6,1
sub-018,42,congruent,423.1,1
sub-018,43,incongruent,596.9,1
sub-018,44,incongruent,598.0,1
sub-018,45,congruent,566.8,1
sub-018,46,congruent,568.4,1
sub-018,47,incongruent,654.5,1
sub-018,48,congruent,561.9,1
sub-018,49,incongruent,643.1,1
sub-018,50,congruent,586.8,1
sub-018,51,incongruent,576.7,1
sub-018,52,congruent,626.5,1
sub-018,53,incongruent,540.6,1
sub-018,54,incongruent,561.5,1
sub-018,55,incongruent,688.3,1
sub-018,56,congruent,536.3,1
sub-018,57,congruent,512.1,1
sub-018,58,congruent,595.5,1
sub-018,59,congruent,631.6,1
sub-018,60,incongruent,624.0,1
sub-018,61,congruent,585.0,0
sub-018,62,incongruent,656.2,1
sub-018,63,congruent,429.6,1
sub-018,64,congruent,537.1,1
sub-018,65,congruent,589.8,0
sub-018,66,congruent,497.1,1
sub-018,67,congruent,619.3,1
sub-018,68,incongruent,650.7,1
sub-018,69,incongruent,703.8,1
sub-018,70,congruent,532.5,1
sub-018,71,congruent,532.6,1
sub-018,72,incongruent,676.9,1
sub-018,73,incongruent,549.0,1
sub-018,74,incongruent,604.4,1
sub-018,75,incongruent,707.9,1
sub-018,76,congruent,533.5,1
sub-018,77,incongruent,610.1,1
sub-018,78,incongruent,659.9,1
sub-018,79,incongruent,760.2,1
sub-018,80,incongruent,514.2,1
sub-018,81,congruent,530.2,1
sub-018,82,incongruent,615.5,1
sub-018,83,incongruent,576.7,1
sub-018,84,congruent,652.8,0
sub-018,85,incongruent,620.6,1
sub-018,86,congruent,596.8,1
sub-018,87,incongruent,558.5,0
sub-018,88,congruent,434.3,1
sub-018,89,incongruent,495.9,1
sub-018,90,congruent,587.0,1
sub-018,91,congruent,677.3,0
sub-018,92,congruent,593.0,1
sub-018,93,incongruent,617.2,1
sub-018,94,congruent,486.4,1
sub-018,95,incongruent,649.7,1
sub-018,96,incongruent,659.3,1
sub-018,97,incongruent,535.1,1
sub-018,98,congruent,635.1,1
sub-018,99,incongruent,632.6,1
sub-018,100,incongruent,699.3,1
sub-019,1,incongruent,583.9,1
sub-019,2,incongruent,558.2,1
sub-019,3,incongruent,639.2,1
sub-019,4,congruent,555.0,1
sub-019,5,congruent,498.4,1
sub-019,6,incongruent,666.9,1
sub-019,7,incongruent,670.5,1
sub-019,8,congruent,572.5,1
sub-019,9,congruent,531.0,1
sub-019,10,congruent,588.6,1
sub-019,11,congruent,619.9,1
sub-019,12,incongruent,542.2,1
sub-019,13,incongruent,594.0,1
sub-019,14,congruent,522.6,1
sub-019,15,incongruent,600.0,1
sub-019,16,incongruent,616.5,1
sub-019,17,incongruent,590.4,1
sub-019,18,incongruent,483.3,1
sub-019,19,incongruent,566.3,1
sub-019,20,congruent,375.7,1
sub-019,21,incongruent,730.0,1
sub-019,22,incongruent,590.2,1
sub-019,23,congruent,439.3,1
sub-019,24,congruent,370.3,1
sub-019,25,congruent,583.6,1
sub-019,26,congruent,544.0,1
sub-019,27,incongruent,486.2,1
sub-019,28,congruent,492.7,1
sub-019,29,incongruent,619.1,1
sub-019,30,congruent,513.0,1
sub-019,31,congruent,534.5,1
sub-019,32,incongruent,639.6,1
sub-019,33,congruent,523.4,1
sub-019,34,congruent,431.5,1
sub-019,35,incongruent,693.8,1
sub-019,36,incongruent,615.9,1
sub-019,37,congruent,500.7,1
sub-019,38,incongruent,618.1,1
sub-019,39,congruent,545.8,1
sub-019,40,congruent,439.6,1
sub-019,41,incongruent,594.9,1
sub-019,42,incongruent,611.9,1
sub-019,43,incongruent,638.9,1
sub-019,44,congruent,641.6,1
sub-019,45,congruent,515.2,1
sub-019,46,congruent,544.3,1
sub-019,47,incongruent,641.0,1
sub-019,48,incongruent,588.2,1
sub-019,49,incongruent,638.0,0
sub-019,50,congruent,485.5,1
sub-019,51,congruent,645.9,1
sub-019,52,incongruent,712.0,1
sub-019,53,incongruent,624.0,1
sub-019,54,incongruent,612.4,1
sub-019,55,congruent,504.2,1
sub-019,56,congruent,554.3,1
sub-019,57,incongruent,497.1,1
sub-019,58,incongruent,597.2,1
sub-019,59,incongruent,593.7,1
sub-019,60,incongruent,619.3,1
sub-019,61,congruent,528.6,1
sub-019,62,incongruent,570.5,1
sub-019,63,incongruent,653.2,0
sub-019,64,incongruent,720.0,1
sub-019,65,congruent,549.3,1
sub-019,66,incongruent,631.2,1
sub-019,67,incongruent,630.3,1
sub-019,68,congruent,547.2,1
sub-019,69,congruent,452.1,1
sub-019,70,congruent,473.9,1
sub-019,71,congruent,527.3,1
sub-019,72,congruent,566.8,1
sub-019,73,congruent,552.5,1
sub-019,74,incongruent,622.3,1
sub-019,75,incongruent,430.4,1
sub-019,76,incongruent,645.3,1
sub-019,77,incongruent,639.2,1
sub-019,78,congruent,606.0,1
sub-019,79,congruent,623.0,1
sub-019,80,congruent,466.4,1
sub-019,81,congruent,524.1,1
sub-019,82,congruent,466.9,1
sub-019,83,congruent,468.0,1
sub-019,84,incongruent,668.8,1
sub-019,85,congruent,532.8,1
sub-019,86,incongruent,675.7,1
sub-019,87,congruent,443.1,1
sub-019,88,congruent,517.4,1
sub-019,89,incongruent,583.5,1
sub-019,90,congruent,442.2,1
sub-019,91,incongruent,496.9,1
sub-019,92,incongruent,682.1,1
sub-019,93,congruent,464.3,1
sub-019,94,congruent,460.2,1
sub-019,95,congruent,550.2,1
sub-019,96,incongruent,632.9,1
sub-019,97,congruent,527.9,1
sub-019,98,congruent,456.9,0
sub-019,99,incongruent,752.4,1
sub-019,100,incongruent,681.5,1
sub-020,1,incongruent,503.9,0
sub-020,2,incongruent,486.2,1
sub-020,3,congruent,503.1,1
sub-020,4,congruent,489.4,1
sub-020,5,congruent,547.3,1
sub-020,6,incongruent,526.8,1
sub-020,7,congruent,421.9,1
sub-020,8,incongruent,609.9,1
sub-020,9,incongruent,642.4,1
sub-020,10,incongruent,453.5,1
sub-020,11,incongruent,660.6,0
sub-020,12,incongruent,432.7,0
sub-020,13,congruent,556.2,1
sub-020,14,congruent,358.7,1
sub-020,15,incongruent,530.9,1
sub-020,16,incongruent,535.7,1
sub-020,17,incongruent,567.3,1
sub-020,18,incongruent,480.8,1
sub-020,19,congruent,331.3,1
sub-020,20,congruent,407.2,1
sub-020,21,congruent,527.9,1
sub-020,22,incongruent,557.5,1
sub-020,23,incongruent,563.8,1
sub-020,24,incongruent,530.3,1
sub-020,25,congruent,471.4,1
sub-020,26,congruent,517.5,1
sub-020,27,incongruent,671.4,1
sub-020,28,incongruent,538.4,0
sub-020,29,congruent,448.7,1
sub-020,30,incongruent,528.7,1
sub-020,31,incongruent,632.2,1
sub-020,32,congruent,520.7,1
sub-020,33,incongruent,492.1,0
sub-020,34,incongruent,608.6,0
sub-020,35,incongruent,538.7,1
sub-020,36,congruent,428.3,1
sub-020,37,congruent,464.4,0
sub-020,38,congruent,488.0,1
sub-020,39,congruent,426.9,1
sub-020,40,incongruent,501.4,0
sub-020,41,congruent,594.3,0
sub-020,42,congruent,479.3,1
sub-020,43,congruent,497.1,1
sub-020,44,incongruent,587.1,1
sub-020,45,incongruent,557.6,1
sub-020,46,incongruent,507.0,1
sub-020,47,congruent,544.1,1
sub-020,48,congruent,553.0,1
sub-020,49,congruent,527.5,1
sub-020,50,incongruent,501.7,1
sub-020,51,incongruent,597.0,1
sub-020,52,congruent,508.0,1
sub-020,53,incongruent,582.3,1
sub-020,54,congruent,390.5,1
sub-020,55,congruent,533.1,1
sub-020,56,incongruent,636.7,1
sub-020,57,congruent,455.0,1
sub-020,58,congruent,499.0,1
sub-020,59,congruent,458.3,1
sub-020,60,incongruent,603.7,1
sub-020,61,incongruent,509.3,0
sub-020,62,congruent,491.6,1
sub-020,63,incongruent,654.5,1
sub-020,64,congruent,452.2,1
sub-020,65,incongruent,590.7,1
sub-020,66,congruent,451.6,1
sub-020,67,incongruent,549.0,1
sub-020,68,congruent,439.9,1
sub-020,69,congruent,393.1,1
sub-020,70,congruent,328.8,1
sub-020,71,incongruent,635.7,1
sub-020,72,congruent,533.4,1
sub-020,73,congruent,483.8,1
sub-020,74,congruent,504.4,1
sub-020,75,congruent,482.0,1
sub-020,76,congruent,467.3,1
sub-020,77,congruent,457.7,1
sub-020,78,congruent,530.6,1
sub-020,79,incongruent,530.5,0
sub-020,80,incongruent,469.9,1
sub-020,81,incongruent,553.7,1
sub-020,82,incongruent,703.8,1
sub-020,83,incongruent,615.5,1
sub-020,84,congruent,486.6,0
sub-020,85,incongruent,546.4,1
sub-020,86,incongruent,557.6,0
sub-020,87,congruent,514.9,1
sub-020,88,congruent,437.3,1
sub-020,89,congruent,479.8,1
sub-020,90,incongruent,505.6,1
sub-020,91,congruent,464.1,1
sub-020,92,congruent,459.1,1
sub-020,93,incongruent,530.1,1
sub-020,94,congruent,423.9,0
sub-020,95,congruent,576.8,1
sub-020,96,incongruent,557.0,0
sub-020,97,incongruent,395.5,1
sub-020,98,incongruent,579.4,1
sub-020,99,incongruent,524.8,1
sub-020,100,incongruent,562.2,1
sub-021,1,congruent,479.4,1
sub-021,2,incongruent,642.1,1
sub-021,3,congruent,532.8,1
sub-021,4,incongruent,577.5,1
sub-021,5,congruent,543.3,1
sub-021,6,congruent,389.0,1
sub-021,7,incongruent,619.7,0
sub-021,8,incongruent,507.3,1
sub-021,9,incongruent,479.4,1
sub-021,10,incongruent,574.5,0
sub-021,11,congruent,403.8,1
sub-021,12,congruent,505.6,1
sub-021,13,incongruent,628.5,1
sub-021,14,congruent,482.3,1
sub-021,15,congruent,481.6,1
sub-021,16,congruent,449.1,1
sub-021,17,congruent,522.4,1
sub-021,18,congruent,365.4,1
sub-021,19,incongruent,477.0,1
sub-021,20,congruent,400.2,1
sub-021,21,congruent,561.3,1
sub-021,22,congruent,424.2,1
sub-021,23,incongruent,569.3,1
sub-021,24,incongruent,544.0,1
sub-021,25,incongruent,541.4,1
sub-021,26,incongruent,456.1,1
sub-021,27,incongruent,604.5,1
sub-021,28,incongruent,462.6,1
sub-021,29,incongruent,521.9,1
sub-021,30,incongruent,531.7,1
sub-021,31,incongruent,629.3,0
sub-021,32,congruent,475.9,1
sub-021,33,congruent,543.2,1
sub-021,34,incongruent,501.4,1
sub-021,35,incongruent,624.5,1
sub-021,36,congruent,463.7,1
sub-021,37,congruent,485.8,1
sub-021,38,congruent,432.0,1
sub-021,39,congruent,513.6,1
sub-021,40,incongruent,675.5,1
sub-021,41,congruent,553.1,1
sub-021,42,congruent,544.6,1
sub-021,43,incongruent,560.0,1
sub-021,44,incongruent,613.5,0
sub-021,45,congruent,438.5,1
sub-021,46,congruent,484.9,1
sub-021,47,congruent,435.3,1
sub-021,48,congruent,477.4,1
sub-021,49,congruent,611.0,1
sub-021,50,incongruent,567.6,1
sub-021,51,incongruent,539.7,1
sub-021,52,congruent,384.5,1
sub-021,53,congruent,515.8,1
sub-021,54,incongruent,483.9,1
sub-021,55,incongruent,612.0,1
sub-021,56,incongruent,564.2,1
sub-021,57,congruent,421.6,1
sub-021,58,incongruent,498.2,1
sub-021,59,congruent,532.6,1
sub-021,60,incongruent,612.2,1
sub-021,61,congruent,501.2,1
sub-021,62,incongruent,664.5,1
sub-021,63,incongruent,642.0,1
sub-021,64,incongruent,536.5,1
sub-021,65,incongruent,543.5,1
sub-021,66,congruent,519.1,0
sub-021,67,congruent,475.7,1
sub-021,68,incongruent,603.1,1
sub-021,69,congruent,524.7,1
sub-021,70,incongruent,525.5,1
sub-021,71,congruent,516.9,1
sub-021,72,incongruent,541.3,1
sub-021,73,incongruent,673.6,1
sub-021,74,congruent,478.5,1
sub-021,75,congruent,397.3,1
sub-021,76,congruent,537.2,1
sub-021,77,incongruent,521.1,1
sub-021,78,incongruent,644.9,1
sub-021,79,congruent,572.9,1
sub-021,80,incongruent,486.1,0
sub-021,81,incongruent,532.0,1
sub-021,82,congruent,623.9,1
sub-021,83,congruent,498.6,1
sub-021,84,congruent,482.5,1
sub-021,85,congruent,494.6,1
sub-021,86,incongruent,567.1,1
sub-021,87,congruent,513.9,1
sub-021,88,incongruent,552.4,1
sub-021,89,congruent,476.1,1
sub-021,90,incongruent,651.0,1
sub-021,91,congruent,428.2,1
sub-021,92,incongruent,543.4,1
sub-021,93,incongruent,523.0,1
sub-021,94,congruent,561.6,1
sub-021,95,incongruent,542.6,0
sub-021,96,incongruent,524.2,1
sub-021,97,congruent,396.3,1
sub-021,98,congruent,490.3,1
sub-021,99,incongruent,633.0,1
sub-021,100,incongruent,504.8,1
sub-022,1,incongruent,675.0,1
sub-022,2,incongruent,595.9,1
sub-022,3,incongruent,653.7,1
sub-022,4,congruent,407.8,1
sub-022,5,incongruent,674.7,1
sub-022,6,congruent,423.3,1
sub-022,7,congruent,516.7,1
sub-022,8,congruent,582.5,1
sub-022,9,incongruent,590.4,1
sub-022,10,incongruent,680.4,1
sub-022,11,incongruent,609.8,1
sub-022,12,congruent,566.0,1
sub-022,13,congruent,595.3,1
sub-022,14,incongruent,643.4,1
sub-022,15,congruent,572.2,1
sub-022,16,incongruent,748.3,1
sub-022,17,congruent,583.9,1
sub-022,18,congruent,431.7,1
sub-022,19,incongruent,629.8,1
sub-022,20,incongruent,622.3,1
sub-022,21,incongruent,547.1,1
sub-022,22,incongruent,582.8,1
sub-022,23,congruent,363.3,1
sub-022,24,congruent,385.5,1
sub-022,25,congruent,538.8,1
sub-022,26,congruent,477.8,1
sub-022,27,congruent,481.0,1
sub-022,28,congruent,479.9,1
sub-022,29,incongruent,570.0,1
sub-022,30,congruent,444.3,1
sub-022,31,incongruent,644.2,0
sub-022,32,incongruent,590.0,1
sub-022,33,incongruent,686.4,1
sub-022,34,incongruent,531.3,1
sub-022,35,congruent,533.7,1
sub-022,36,congruent,546.4,1
sub-022,37,incongruent,583.4,1
sub-022,38,incongruent,548.3,1
sub-022,39,incongruent,674.2,0
sub-022,40,congruent,555.6,1
sub-022,41,congruent,556.2,1
sub-022,42,congruent,547.5,1
sub-022,43,incongruent,628.7,1
sub-022,44,incongruent,588.1,1
sub-022,45,congruent,587.9,1
sub-022,46,congruent,621.8,1
sub-022,47,congruent,567.5,0
sub-022,48,incongruent,716.6,0
sub-022,49,incongruent,494.9,1
sub-022,50,congruent,497.0,1
sub-022,51,incongruent,574.9,1
sub-022,52,incongruent,531.9,1
sub-022,53,incongruent,467.6,1
sub-022,54,incongruent,655.8,1
sub-022,55,incongruent,663.4,1
sub-022,56,congruent,444.1,1
sub-022,57,congruent,465.7,1
sub-022,58,congruent,445.0,1
sub-022,59,incongruent,539.5,1
sub-022,60,congruent,483.3,1
sub-022,61,congruent,630.5,1
sub-022,62,incongruent,583.5,1
sub-022,63,congruent,508.8,1
sub-022,64,congruent,515.1,1
sub-022,65,congruent,477.2,1
sub-022,66,congruent,532.7,1
sub-022,67,incongruent,602.6,1
sub-022,68,congruent,531.4,1
sub-022,69,incongruent,586.6,1
sub-022,70,congruent,423.1,1
sub-022,71,incongruent,605.6,1
sub-022,72,congruent,530.3,1
sub-022,73,incongruent,532.6,1
sub-022,74,incongruent,505.1,1
sub-022,75,congruent,510.0,1
sub-022,76,incongruent,588.9,1
sub-022,77,incongruent,587.0,1
sub-022,78,congruent,474.2,1
sub-022,79,incongruent,544.0,1
sub-022,80,congruent,599.4,1
sub-022,81,incongruent,451.8,1
sub-022,82,incongruent,598.5,1
sub-022,83,congruent,482.1,1
sub-022,84,incongruent,639.6,1
sub-022,85,congruent,518.2,1
sub-022,86,incongruent,620.2,1
sub-022,87,congruent,421.9,1
sub-022,88,incongruent,524.5,0
sub-022,89,congruent,526.4,1
sub-022,90,congruent,470.2,1
sub-022,91,incongruent,589.0,1
sub-022,92,congruent,561.0,1
sub-022,93,incongruent,631.5,1
sub-022,94,incongruent,492.9,1
sub-022,95,incongruent,671.9,1
sub-022,96,congruent,459.9,1
sub-022,97,incongruent,578.6,1
sub-022,98,congruent,480.1,1
sub-022,99,congruent,635.3,1
sub-022,100,congruent,552.5,1
sub-023,1,incongruent,538.8,1
sub-023,2,incongruent,560.1,1
sub-023,3,congruent,543.3,1
sub-023,4,congruent,491.3,0
sub-023,5,incongruent,437.5,1
sub-023,6,incongruent,579.7,1
sub-023,7,incongruent,700.4,1
sub-023,8,incongruent,574.7,1
sub-023,9,congruent,499.9,1
sub-023,10,congruent,335.8,1
sub-023,11,incongruent,556.8,1
sub-023,12,congruent,481.7,1
sub-023,13,incongruent,588.5,1
sub-023,14,congruent,443.6,1
sub-023,15,congruent,452.2,1
sub-023,16,congruent,375.2,1
sub-023,17,incongruent,513.6,1
sub-023,18,congruent,448.7,1
sub-023,19,congruent,506.9,1
sub-023,20,congruent,472.9,1
sub-023,21,incongruent,625.3,1
sub-023,22,incongruent,654.1,1
sub-023,23,congruent,441.7,1
sub-023,24,incongruent,546.5,0
sub-023,25,congruent,571.7,1
sub-023,26,incongruent,515.6,0
sub-023,27,congruent,390.1,1
sub-023,28,congruent,425.5,1
sub-023,29,congruent,376.8,1
sub-023,30,congruent,385.7,1
sub-023,31,congruent,399.0,1
sub-023,32,congruent,445.2,1
sub-023,33,incongruent,616.2,1
sub-023,34,incongruent,569.5,0
sub-023,35,congruent,422.1,1
sub-023,36,congruent,598.0,1
sub-023,37,congruent,450.2,1
sub-023,38,incongruent,609.2,1
sub-023,39,congruent,505.1,1
sub-023,40,congruent,454.2,1
sub-023,41,congruent,504.1,1
sub-023,42,incongruent,594.0,1
sub-023,43,incongruent,550.0,0
sub-023,44,congruent,436.3,1
sub-023,45,incongruent,577.7,1
sub-023,46,incongruent,461.7,1
sub-023,47,incongruent,582.9,1
sub-023,48,congruent,484.2,1
sub-023,49,congruent,497.3,1
sub-023,50,incongruent,600.2,1
sub-023,51,incongruent,556.5,1
sub-023,52,congruent,566.6,1
sub-023,53,congruent,409.4,1
sub-023,54,congruent,420.1,1
sub-023,55,congruent,471.2,1
sub-023,56,incongruent,686.4,1
sub-023,57,incongruent,650.3,1
sub-023,58,congruent,552.2,1
sub-023,59,incongruent,688.3,1
sub-023,60,congruent,419.5,1
sub-023,61,incongruent,399.5,1
sub-023,62,incongruent,618.8,1
sub-023,63,incongruent,511.9,0
sub-023,64,congruent,456.5,1
sub-023,65,incongruent,627.5,1
sub-023,66,congruent,403.0,1
sub-023,67,incongruent,557.8,1
sub-023,68,congruent,540.8,1
sub-023,69,incongruent,655.8,1
sub-023,70,incongruent,634.9,1
sub-023,71,incongruent,669.4,1
sub-023,72,incongruent,546.9,1
sub-023,73,incongruent,567.1,1
sub-023,74,congruent,537.4,1
sub-023,75,congruent,535.8,1
sub-023,76,congruent,541.0,1
sub-023,77,incongruent,649.9,1
sub-023,78,incongruent,718.2,1
sub-023,79,congruent,517.9,1
sub-023,80,incongruent,511.1,0
sub-023,81,congruent,499.6,1
sub-023,82,incongruent,547.8,1
sub-023,83,incongruent,529.1,1
sub-023,84,incongruent,658.5,1
sub-023,85,incongruent,697.2,1
sub-023,86,incongruent,611.6,1
sub-023,87,congruent,503.5,1
sub-023,88,incongruent,554.5,1
sub-023,89,congruent,447.0,1
sub-023,90,incongruent,469.9,1
sub-023,91,congruent,525.9,1
sub-023,92,congruent,446.3,1
sub-023,93,congruent,514.5,1
sub-023,94,incongruent,610.7,0
sub-023,95,incongruent,451.3,1
sub-023,96,congruent,555.7,1
sub-023,97,incongruent,601.4,0
sub-023,98,congruent,502.6,1
sub-023,99,congruent,384.2,1
sub-023,100,incongruent,589.8,1
sub-024,1,congruent,470.8,1
sub-024,2,incongruent,551.4,1
sub-024,3,congruent,470.1,1
sub-024,4,congruent,502.4,1
sub-024,5,congruent,379.3,1
sub-024,6,incongruent,707.9,1
sub-024,7,incongruent,599.3,1
sub-024,8,congruent,374.3,1
sub-024,9,congruent,375.7,1
sub-024,10,congruent,368.6,1
sub-024,11,congruent,548.1,1
sub-024,12,congruent,537.0,1
sub-024,13,congruent,488.8,1
sub-024,14,congruent,403.7,1
sub-024,15,incongruent,757.1,1
sub-024,16,incongruent,536.9,1
sub-024,17,congruent,403.2,1
sub-024,18,incongruent,647.4,1
sub-024,19,congruent,552.6,1
sub-024,20,congruent,306.0,1
sub-024,21,incongruent,637.0,1
sub-024,22,incongruent,555.0,1
sub-024,23,incongruent,525.9,1
sub-024,24,congruent,478.3,1
sub-024,25,congruent,421.2,1
sub-024,26,incongruent,616.7,1
sub-024,27,congruent,306.1,1
sub-024,28,congruent,480.8,1
sub-024,29,incongruent,684.1,1
sub-024,30,incongruent,520.9,1
sub-024,31,incongruent,542.0,1
sub-024,32,congruent,497.4,1
sub-024,33,incongruent,693.5,0
sub-024,34,incongruent,645.9,1
sub-024,35,congruent,538.9,1
sub-024,36,incongruent,447.3,1
sub-024,37,congruent,381.5,1
sub-024,38,congruent,475.6,0
sub-024,39,congruent,476.2,1
sub-024,40,incongruent,591.1,1
sub-024,41,incongruent,543.6,1
sub-024,42,incongruent,596.0,1
sub-024,43,congruent,358.4,1
sub-024,44,congruent,402.4,1
sub-024,45,congruent,327.3,1
sub-024,46,congruent,348.4,1
sub-024,47,incongruent,606.9,1
sub-024,48,congruent,514.3,1
sub-024,49,incongruent,563.0,1
sub-024,50,incongruent,581.8,1
sub-024,51,congruent,566.1,1
sub-024,52,incongruent,497.3,1
sub-024,53,incongruent,536.7,1
sub-024,54,congruent,453.8,1
sub-024,55,congruent,431.5,1
sub-024,56,incongruent,631.7,1
sub-024,57,congruent,426.9,1
sub-024,58,incongruent,699.2,1
sub-024,59,congruent,460.2,1
sub-024,60,congruent,526.4,1
sub-024,61,congruent,450.1,1
sub-024,62,congruent,380.3,1
sub-024,63,incongruent,650.5,1
sub-024,64,congruent,479.9,1
sub-024,65,incongruent,576.3,1
sub-024,66,congruent,367.0,1
sub-024,67,incongruent,506.0,1
sub-024,68,incongruent,571.1,1
sub-024,69,incongruent,568.9,1
sub-024,70,incongruent,596.8,0
sub-024,71,congruent,442.6,1
sub-024,72,incongruent,582.2,1
sub-024,73,congruent,387.9,1
sub-024,74,incongruent,669.4,1
sub-024,75,congruent,521.6,1
sub-024,76,congruent,521.3,1
sub-024,77,incongruent,650.0,1
sub-024,78,incongruent,628.9,1
sub-024,79,incongruent,808.1,1
sub-024,80,incongruent,650.4,0
sub-024,81,incongruent,571.2,1
sub-024,82,incongruent,511.0,1
sub-024,83,incongruent,661.7,1
sub-024,84,incongruent,600.3,1
sub-024,85,incongruent,570.8,1
sub-024,86,congruent,466.0,1
sub-024,87,congruent,388.5,1
sub-024,88,incongruent,558.1,1
sub-024,89,incongruent,545.2,1
sub-024,90,congruent,414.5,1
sub-024,91,incongruent,661.2,1
sub-024,92,congruent,387.3,1
sub-024,93,incongruent,636.3,1
sub-024,94,incongruent,591.0,1
sub-024,95,incongruent,501.5,1
sub-024,96,congruent,532.5,1
sub-024,97,incongruent,656.0,1
sub-024,98,congruent,399.5,1
sub-024,99,congruent,467.3,1
sub-024,100,congruent,385.4,1
sub-025,1,congruent,485.0,1
sub-025,2,congruent,552.2,1
sub-025,3,congruent,387.6,1
sub-025,4,incongruent,482.5,1
sub-025,5,incongruent,611.3,1
sub-025,6,incongruent,619.9,1
sub-025,7,incongruent,557.9,1
sub-025,8,incongruent,528.4,1
sub-025,9,incongruent,630.6,1
sub-025,10,congruent,484.8,0
sub-025,11,incongruent,532.5,1
sub-025,12,incongruent,520.3,1
sub-025,13,congruent,472.4,1
sub-025,14,incongruent,612.0,1
sub-025,15,incongruent,675.1,0
sub-025,16,incongruent,589.9,1
sub-025,17,congruent,468.5,1
sub-025,18,congruent,428.5,1
sub-025,19,congruent,463.3,1
sub-025,20,incongruent,503.6,1
sub-025,21,congruent,554.4,1
sub-025,22,congruent,419.0,1
sub-025,23,incongruent,564.6,1
sub-025,24,incongruent,611.0,1
sub-025,25,congruent,546.7,1
sub-025,26,incongruent,528.0,1
sub-025,27,incongruent,695.2,1
sub-025,28,incongruent,394.5,1
sub-025,29,congruent,392.2,1
sub-025,30,congruent,438.3,1
sub-025,31,incongruent,619.1,1
sub-025,32,congruent,472.5,1
sub-025,33,incongruent,626.6,1
sub-025,34,congruent,454.7,0
sub-025,35,congruent,523.8,1
sub-025,36,incongruent,621.9,1
sub-025,37,congruent,528.0,1
sub-025,38,incongruent,626.1,1
sub-025,39,incongruent,678.4,1
sub-025,40,incongruent,519.6,1
sub-025,41,congruent,497.1,1
sub-025,42,incongruent,446.0,1
sub-025,43,incongruent,505.7,0
sub-025,44,congruent,604.8,1
sub-025,45,incongruent,630.1,1
sub-025,46,congruent,522.1,1
sub-025,47,congruent,499.8,1
sub-025,48,congruent,466.4,1
sub-025,49,incongruent,525.0,1
sub-025,50,congruent,508.3,1
sub-025,51,congruent,519.4,1
sub-025,52,incongruent,417.5,1
sub-025,53,incongruent,492.1,1
sub-025,54,incongruent,600.3,1
sub-025,55,incongruent,503.9,1
sub-025,56,congruent,465.6,1
sub-025,57,congruent,592.4,1
sub-025,58,congruent,568.4,1
sub-025,59,congruent,461.9,1
sub-025,60,congruent,418.4,1
sub-025,61,congruent,547.3,1
sub-025,62,congruent,593.7,1
sub-025,63,congruent,430.5,1
sub-025,64,congruent,531.0,1
sub-025,65,congruent,436.9,1
sub-025,66,incongruent,524.8,1
sub-025,67,congruent,511.5,1
sub-025,68,incongruent,603.1,1
sub-025,69,incongruent,572.2,0
sub-025,70,congruent,429.9,1
sub-025,71,congruent,343.5,1
sub-025,72,congruent,669.5,1
sub-025,73,incongruent,575.8,1
sub-025,74,incongruent,620.5,1
sub-025,75,incongruent,679.8,1
sub-025,76,incongruent,535.3,1
sub-025,77,incongruent,557.6,1
sub-025,78,congruent,447.5,1
sub-025,79,incongruent,438.8,1
sub-025,80,congruent,408.1,1
sub-025,81,incongruent,597.7,1
sub-025,82,congruent,467.3,1
sub-025,83,incongruent,604.7,1
sub-025,84,incongruent,561.5,1
sub-025,85,congruent,535.4,1
sub-025,86,congruent,454.7,1
sub-025,87,congruent,480.5,1
sub-025,88,incongruent,661.9,1
sub-025,89,congruent,475.2,1
sub-025,90,congruent,617.7,1
sub-025,91,congruent,384.1,1
sub-025,92,incongruent,516.2,1
sub-025,93,incongruent,544.2,0
sub-025,94,congruent,469.4,0
sub-025,95,incongruent,691.3,1
sub-025,96,incongruent,642.8,1
sub-025,97,incongruent,592.3,1
sub-025,98,congruent,498.2,1
sub-025,99,congruent,395.3,1
sub-025,100,incongruent,586.7,1
sub-026,1,incongruent,670.3,1
sub-026,2,incongruent,668.8,1
sub-026,3,congruent,523.6,1
sub-026,4,incongruent,657.9,0
sub-026,5,incongruent,642.4,1
sub-026,6,congruent,523.5,1
sub-026,7,incongruent,612.7,0
sub-026,8,congruent,633.7,1
sub-026,9,incongruent,626.1,1
sub-026,10,incongruent,639.1,1
sub-026,11,congruent,492.0,1
sub-026,12,congruent,530.3,1
sub-026,13,congruent,495.7,0
sub-026,14,congruent,545.2,1
sub-026,15,incongruent,608.3,1
sub-026,16,incongruent,598.8,1
sub-026,17,incongruent,566.7,1
sub-026,18,incongruent,624.4,1
sub-026,19,congruent,452.5,1
sub-026,20,incongruent,670.7,1
sub-026,21,congruent,491.8,1
sub-026,22,incongruent,586.6,0
sub-026,23,congruent,537.3,1
sub-026,24,congruent,559.7,1
sub-026,25,incongruent,623.3,1
sub-026,26,congruent,375.9,1
sub-026,27,incongruent,570.1,0
sub-026,28,congruent,454.8,1
sub-026,29,congruent,477.8,1
sub-026,30,congruent,507.1,1
sub-026,31,congruent,536.9,1
sub-026,32,incongruent,613.0,1
sub-026,33,congruent,538.2,1
sub-026,34,incongruent,677.0,0
sub-026,35,incongruent,635.2,0
sub-026,36,incongruent,707.5,1
sub-026,37,incongruent,662.2,1
sub-026,38,congruent,428.1,1
sub-026,39,incongruent,718.5,1
sub-026,40,congruent,620.2,1
sub-026,41,incongruent,625.2,0
sub-026,42,congruent,628.0,1
sub-026,43,congruent,436.1,1
sub-026,44,incongruent,666.3,1
sub-026,45,congruent,460.7,1
sub-026,46,congruent,509.8,1
sub-026,47,incongruent,548.4,1
sub-026,48,congruent,534.0,1
sub-026,49,congruent,458.2,1
sub-026,50,incongruent,708.5,1
sub-026,51,incongruent,574.5,1
sub-026,52,congruent,551.5,1
sub-026,53,congruent,448.3,1
sub-026,54,congruent,444.0,1
sub-026,55,congruent,522.3,1
sub-026,56,congruent,612.1,1
sub-026,57,congruent,535.3,1
sub-026,58,congruent,495.8,1
sub-026,59,incongruent,586.4,1
sub-026,60,congruent,619.4,1
sub-026,61,incongruent,546.0,1
sub-026,62,congruent,518.9,1
sub-026,63,incongruent,741.2,1
sub-026,64,congruent,437.7,1
sub-026,65,congruent,536.5,1
sub-026,66,incongruent,563.5,1
sub-026,67,congruent,545.3,1
sub-026,68,congruent,603.5,1
sub-026,69,incongruent,792.2,1
sub-026,70,incongruent,708.9,0
sub-026,71,incongruent,648.3,0
sub-026,72,incongruent,609.1,0
sub-026,73,incongruent,577.6,1
sub-026,74,incongruent,521.7,0
sub-026,75,incongruent,702.8,1
sub-026,76,congruent,378.2,1
sub-026,77,congruent,565.6,1
sub-026,78,congruent,527.6,1
sub-026,79,congruent,629.2,1
sub-026,80,incongruent,610.7,1
sub-026,81,congruent,571.9,1
sub-026,82,incongruent,697.0,1
sub-026,83,incongruent,666.2,1
sub-026,84,congruent,501.2,1
sub-026,85,incongruent,628.2,1
sub-026,86,incongruent,515.5,1
sub-026,87,incongruent,662.4,1
sub-026,88,congruent,544.8,1
sub-026,89,incongruent,565.7,1
sub-026,90,congruent,532.8,1
sub-026,91,incongruent,677.2,1
sub-026,92,incongruent,633.2,0
sub-026,93,incongruent,509.1,1
sub-026,94,congruent,618.3,1
sub-026,95,congruent,491.0,1
sub-026,96,incongruent,644.9,1
sub-026,97,congruent,412.4,1
sub-026,98,congruent,414.6,1
sub-026,99,incongruent,594.1,0
sub-026,100,incongruent,606.4,1
sub-027,1,incongruent,648.0,1
sub-027,2,incongruent,491.2,1
sub-027,3,incongruent,537.4,1
sub-027,4,incongruent,635.8,0
sub-027,5,congruent,507.9,1
sub-027,6,congruent,478.9,1
sub-027,7,incongruent,751.7,1
sub-027,8,congruent,414.3,1
sub-027,9,incongruent,646.9,1
sub-027,10,congruent,537.3,1
sub-027,11,congruent,453.2,1
sub-027,12,incongruent,613.9,0
sub-027,13,incongruent,571.9,1
sub-027,14,incongruent,451.0,0
sub-027,15,congruent,427.7,1
sub-027,16,congruent,561.8,1
sub-027,17,incongruent,608.8,1
sub-027,18,incongruent,632.4,1
sub-027,19,congruent,498.7,1
sub-027,20,congruent,533.0,1
sub-027,21,congruent,483.3,1
sub-027,22,congruent,437.6,1
sub-027,23,incongruent,652.2,1
sub-027,24,incongruent,535.1,1
sub-027,25,congruent,498.9,1
sub-027,26,congruent,480.5,1
sub-027,27,incongruent,725.5,1
sub-027,28,congruent,461.9,1
sub-027,29,congruent,504.3,1
sub-027,30,incongruent,648.2,1
sub-027,31,congruent,525.6,0
sub-027,32,incongruent,673.7,1
sub-027,33,incongruent,625.6,1
sub-027,34,congruent,559.3,1
sub-027,35,incongruent,718.1,1
sub-027,36,incongruent,525.1,1
sub-027,37,congruent,542.7,1
sub-027,38,incongruent,678.3,1
sub-027,39,incongruent,470.4,1
sub-027,40,congruent,600.9,1
sub-027,41,congruent,569.5,1
sub-027,42,incongruent,487.6,1
sub-027,43,incongruent,669.7,1
sub-027,44,congruent,492.2,1
sub-027,45,congruent,562.5,1
sub-027,46,congruent,552.3,1
sub-027,47,congruent,443.1,1
sub-027,48,congruent,516.2,1
sub-027,49,congruent,521.4,1
sub-027,50,incongruent,546.8,1
sub-027,51,congruent,567.1,1
sub-027,52,incongruent,530.0,1
sub-027,53,incongruent,674.3,0
sub-027,54,incongruent,722.8,0
sub-027,55,incongruent,597.8,1
sub-027,56,incongruent,595.2,0
sub-027,57,congruent,486.9,1
sub-027,58,congruent,489.0,1
sub-027,59,congruent,449.2,0
sub-027,60,incongruent,607.3,1
sub-027,61,incongruent,556.9,1
sub-027,62,congruent,504.2,0
sub-027,63,incongruent,543.9,1
sub-027,64,congruent,515.1,1
sub-027,65,incongruent,565.9,1
sub-027,66,congruent,449.1,0
sub-027,67,congruent,448.4,1
sub-027,68,congruent,539.9,1
sub-027,69,congruent,414.4,1
sub-027,70,congruent,535.0,1
sub-027,71,congruent,507.1,1
sub-027,72,incongruent,657.6,1
sub-027,73,incongruent,624.7,1
sub-027,74,congruent,437.9,1
sub-027,75,incongruent,621.2,1
sub-027,76,incongruent,598.4,1
sub-027,77,congruent,473.9,1
sub-027,78,incongruent,522.8,1
sub-027,79,congruent,607.3,1
sub-027,80,congruent,567.5,1
sub-027,81,congruent,467.9,1
sub-027,82,incongruent,625.9,1
sub-027,83,incongruent,616.9,1
sub-027,84,congruent,470.6,1
sub-027,85,congruent,480.0,1
sub-027,86,congruent,458.6,1
sub-027,87,congruent,453.2,1
sub-027,88,incongruent,562.5,1
sub-027,89,incongruent,648.3,1
sub-027,90,incongruent,521.0,1
sub-027,91,incongruent,667.1,1
sub-027,92,incongruent,636.1,1
sub-027,93,incongruent,753.6,0
sub-027,94,incongruent,639.9,1
sub-027,95,incongruent,582.7,1
sub-027,96,congruent,465.2,1
sub-027,97,congruent,434.4,1
sub-027,98,incongruent,572.3,1
sub-027,99,congruent,566.5,1
sub-027,100,incongruent,587.0,1
sub-028,1,congruent,531.1,1
sub-028,2,incongruent,490.9,0
sub-028,3,incongruent,652.7,1
sub-028,4,incongruent,662.4,1
sub-028,5,congruent,494.8,1
sub-028,6,incongruent,654.7,1
sub-028,7,congruent,568.8,1
sub-028,8,incongruent,601.0,1
sub-028,9,incongruent,689.7,0
sub-028,10,congruent,412.4,1
sub-028,11,congruent,491.5,1
sub-028,12,congruent,551.8,1
sub-028,13,incongruent,620.2,1
sub-028,14,incongruent,588.2,1
sub-028,15,congruent,549.4,1
sub-028,16,incongruent,581.9,1
sub-028,17,incongruent,664.2,1
sub-028,18,incongruent,601.6,1
sub-028,19,incongruent,618.3,1
sub-028,20,congruent,527.6,1
sub-028,21,congruent,546.7,1
sub-028,22,incongruent,540.3,1
sub-028,23,incongruent,623.8,1
sub-028,24,congruent,534.3,1
sub-028,25,incongruent,425.8,1
sub-028,26,incongruent,567.1,1
sub-028,27,incongruent,617.9,1
sub-028,28,incongruent,581.6,1
sub-028,29,congruent,609.9,1
sub-028,30,incongruent,543.4,1
sub-028,31,congruent,378.0,1
sub-028,32,incongruent,704.0,1
sub-028,33,congruent,598.6,1
sub-028,34,incongruent,664.8,1
sub-028,35,incongruent,524.3,1
sub-028,36,congruent,572.6,1
sub-028,37,congruent,557.6,1
sub-028,38,congruent,398.9,1
sub-028,39,congruent,475.9,1
sub-028,40,congruent,479.1,1
sub-028,41,incongruent,479.1,1
sub-028,42,congruent,593.9,1
sub-028,43,incongruent,679.4,0
sub-028,44,incongruent,496.4,1
sub-028,45,congruent,577.5,1
sub-028,46,incongruent,602.4,1
sub-028,47,incongruent,495.7,1
sub-028,48,congruent,422.8,1
sub-028,49,incongruent,498.4,1
sub-028,50,incongruent,447.3,1
sub-028,51,congruent,420.6,1
sub-028,52,congruent,507.2,1
sub-028,53,congruent,491.3,1
sub-028,54,incongruent,591.7,0
sub-028,55,congruent,608.4,1
sub-028,56,congruent,479.7,1
sub-028,57,incongruent,516.2,1
sub-028,58,congruent,509.9,1
sub-028,59,congruent,578.1,1
sub-028,60,incongruent,518.3,1
sub-028,61,congruent,518.8,1
sub-028,62,incongruent,476.8,1
sub-028,63,congruent,447.6,1
sub-028,64,incongruent,579.2,1
sub-028,65,congruent,485.2,1
sub-028,66,congruent,459.5,1
sub-028,67,congruent,398.6,1
sub-028,68,congruent,382.7,1
sub-028,69,incongruent,562.9,1
sub-028,70,incongruent,536.4,1
sub-028,71,congruent,481.0,1
sub-028,72,congruent,571.7,1
sub-028,73,incongruent,579.1,1
sub-028,74,incongruent,629.5,0
sub-028,75,congruent,445.7,1
sub-028,76,congruent,585.5,1
sub-028,77,incongruent,618.3,1
sub-028,78,congruent,445.2,1
sub-028,79,congruent,541.9,1
sub-028,80,congruent,571.8,1
sub-028,81,congruent,467.1,1
sub-028,82,incongruent,500.1,1
sub-028,83,incongruent,635.2,1
sub-028,84,incongruent,541.4,1
sub-028,85,congruent,533.3,1
sub-028,86,congruent,499.0,1
sub-028,87,incongruent,369.4,1
sub-028,88,incongruent,523.4,1
sub-028,89,incongruent,545.4,1
sub-028,90,congruent,483.7,1
sub-028,91,incongruent,558.3,1
sub-028,92,incongruent,500.4,1
sub-028,93,congruent,634.8,1
sub-028,94,incongruent,531.2,1
sub-028,95,congruent,561.9,1
sub-028,96,congruent,684.2,1
sub-028,97,incongruent,654.5,0
sub-028,98,congruent,491.7,1
sub-028,99,incongruent,623.2,1
sub-028,100,congruent,477.3,1
sub-029,1,incongruent,414.8,1
sub-029,2,incongruent,584.2,1
sub-029,3,congruent,508.5,1
sub-029,4,incongruent,557.2,1
sub-029,5,congruent,477.7,0
sub-029,6,congruent,519.1,1
sub-029,7,congruent,484.8,1
sub-029,8,congruent,437.2,1
sub-029,9,incongruent,581.6,1
sub-029,10,incongruent,485.3,1
sub-029,11,incongruent,633.0,1
sub-029,12,congruent,510.7,1
sub-029,13,congruent,504.5,1
sub-029,14,incongruent,632.7,0
sub-029,15,congruent,515.1,1
sub-029,16,congruent,485.7,1
sub-029,17,congruent,511.8,1
sub-029,18,incongruent,528.9,1
sub-029,19,congruent,473.9,1
sub-029,20,congruent,458.9,1
sub-029,21,congruent,464.2,1
sub-029,22,congruent,533.1,1
sub-029,23,incongruent,420.3,1
sub-029,24,incongruent,437.1,1
sub-029,25,incongruent,389.3,1
sub-029,26,congruent,520.2,1
sub-029,27,congruent,486.8,1
sub-029,28,congruent,582.6,1
sub-029,29,incongruent,614.8,0
sub-029,30,incongruent,552.0,1
sub-029,31,congruent,554.7,1
sub-029,32,congruent,457.6,1
sub-029,33,incongruent,486.9,1
sub-029,34,congruent,478.3,1
sub-029,35,incongruent,489.5,1
sub-029,36,incongruent,524.2,1
sub-029,37,congruent,470.7,1
sub-029,38,incongruent,433.0,0
sub-029,39,congruent,598.5,1
sub-029,40,congruent,447.7,1
sub-029,41,incongruent,381.2,0
sub-029,42,incongruent,524.0,1
sub-029,43,incongruent,533.1,1
sub-029,44,congruent,441.8,1
sub-029,45,incongruent,610.7,0
sub-029,46,congruent,413.1,1
sub-029,47,congruent,540.6,1
sub-029,48,incongruent,499.4,0
sub-029,49,congruent,508.8,1
sub-029,50,congruent,479.9,1
sub-029,51,congruent,519.0,1
sub-029,52,incongruent,493.7,1
sub-029,53,incongruent,561.9,1
sub-029,54,incongruent,598.4,1
sub-029,55,incongruent,489.6,1
sub-029,56,congruent,389.6,1
sub-029,57,incongruent,492.7,1
sub-029,58,incongruent,585.0,1
sub-029,59,incongruent,526.3,1
sub-029,60,incongruent,336.0,1
sub-029,61,congruent,486.4,1
sub-029,62,congruent,579.2,1
sub-029,63,incongruent,470.7,1
sub-029,64,congruent,531.0,1
sub-029,65,congruent,355.2,1
sub-029,66,congruent,597.1,0
sub-029,67,congruent,413.9,1
sub-029,68,incongruent,377.0,1
sub-029,69,congruent,465.4,1
sub-029,70,incongruent,542.3,1
sub-029,71,congruent,458.6,1
sub-029,72,incongruent,485.8,1
sub-029,73,incongruent,466.5,0
sub-029,74,incongruent,517.1,1
sub-029,75,congruent,466.6,1
sub-029,76,congruent,439.5,1
sub-029,77,incongruent,545.6,1
sub-029,78,incongruent,546.3,1
sub-029,79,congruent,629.2,1
sub-029,80,incongruent,458.9,1
sub-029,81,incongruent,575.8,1
sub-029,82,incongruent,604.5,1
sub-029,83,incongruent,550.8,1
sub-029,84,incongruent,595.0,1
sub-029,85,congruent,572.6,1
sub-029,86,congruent,448.2,1
sub-029,87,congruent,489.4,1
sub-029,88,incongruent,596.4,1
sub-029,89,congruent,447.8,1
sub-029,90,incongruent,596.6,1
sub-029,91,congruent,446.2,1
sub-029,92,incongruent,503.9,1
sub-029,93,congruent,410.2,1
sub-029,94,incongruent,633.2,1
sub-029,95,congruent,485.4,1
sub-029,96,incongruent,527.3,1
sub-029,97,congruent,462.7,1
sub-029,98,congruent,397.8,0
sub-029,99,incongruent,555.2,1
sub-029,100,incongruent,512.5,1
sub-030,1,congruent,554.3,1
sub-030,2,congruent,509.7,0
sub-030,3,congruent,495.2,0
sub-030,4,congruent,400.8,1
sub-030,5,incongruent,634.9,1
sub-030,6,congruent,494.7,1
sub-030,7,congruent,625.6,1
sub-030,8,congruent,530.9,1
sub-030,9,incongruent,699.0,1
sub-030,10,incongruent,715.5,1
sub-030,11,congruent,589.0,1
sub-030,12,incongruent,649.3,1
sub-030,13,incongruent,615.0,1
sub-030,14,congruent,523.3,1
sub-030,15,congruent,602.6,1
sub-030,16,congruent,615.0,1
sub-030,17,incongruent,771.4,1
sub-030,18,congruent,621.1,1
sub-030,19,incongruent,677.0,1
sub-030,20,incongruent,557.2,1
sub-030,21,congruent,577.8,1
sub-030,22,congruent,599.3,1
sub-030,23,congruent,574.2,1
sub-030,24,congruent,552.7,1
sub-030,25,incongruent,590.1,1
sub-030,26,incongruent,553.5,1
sub-030,27,incongruent,641.3,1
sub-030,28,incongruent,575.4,1
sub-030,29,incongruent,655.3,1
sub-030,30,congruent,581.0,1
sub-030,31,congruent,591.1,1
sub-030,32,congruent,586.8,1
sub-030,33,congruent,621.6,1
sub-030,34,incongruent,631.1,0
sub-030,35,incongruent,693.0,1
sub-030,36,incongruent,656.5,1
sub-030,37,congruent,573.5,1
sub-030,38,congruent,527.8,1
sub-030,39,incongruent,697.3,1
sub-030,40,incongruent,614.2,1
sub-030,41,incongruent,707.6,0
sub-030,42,incongruent,644.6,1
sub-030,43,incongruent,689.6,1
sub-030,44,congruent,627.5,1
sub-030,45,congruent,664.8,1
sub-030,46,incongruent,610.8,0
sub-030,47,congruent,502.2,1
sub-030,48,congruent,606.2,1
sub-030,49,incongruent,610.0,1
sub-030,50,congruent,423.6,1
sub-030,51,incongruent,657.6,0
sub-030,52,congruent,494.5,1
sub-030,53,congruent,587.0,0
sub-030,54,congruent,648.8,1
sub-030,55,congruent,555.7,1
sub-030,56,congruent,675.3,1
sub-030,57,congruent,420.9,1
sub-030,58,congruent,634.8,1
sub-030,59,congruent,581.1,1
sub-030,60,incongruent,619.1,1
sub-030,61,congruent,494.1,1
sub-030,62,congruent,583.0,1
sub-030,63,incongruent,598.5,1
sub-030,64,incongruent,738.6,1
sub-030,65,congruent,537.5,1
sub-030,66,incongruent,659.0,1
sub-030,67,incongruent,685.5,1
sub-030,68,congruent,557.9,1
sub-030,69,incongruent,577.0,1
sub-030,70,incongruent,647.8,1
sub-030,71,congruent,502.1,1
sub-030,72,incongruent,590.8,1
sub-030,73,incongruent,599.9,1
sub-030,74,incongruent,651.1,0
sub-030,75,congruent,596.1,1
sub-030,76,congruent,681.7,1
sub-030,77,incongruent,616.2,0
sub-030,78,incongruent,672.4,1
sub-030,79,incongruent,580.3,1
sub-030,80,congruent,436.0,1
sub-030,81,incongruent,629.6,1
sub-030,82,congruent,652.5,1
sub-030,83,incongruent,608.5,1
sub-030,84,incongruent,611.5,1
sub-030,85,incongruent,654.3,1
sub-030,86,congruent,593.5,1
sub-030,87,congruent,711.1,1
sub-030,88,incongruent,583.5,1
sub-030,89,incongruent,637.7,1
sub-030,90,congruent,620.8,1
sub-030,91,incongruent,669.6,1
sub-030,92,congruent,489.5,1
sub-030,93,incongruent,556.7,1
sub-030,94,incongruent,640.1,1
sub-030,95,congruent,640.8,1
sub-030,96,incongruent,488.1,1
sub-030,97,incongruent,740.0,1
sub-030,98,incongruent,693.1,1
sub-030,99,incongruent,607.6,1
sub-030,100,congruent,657.8,1
